0.000000,0.022727,0.088430,0.055429,0.032018,0.062665,0.084022,0.029782,0.046419,0.065286,0.055096,0.038793,0.025182,0.053885,0.084592,0.055003,0.042663,0.054502,0.044399,0.024410,0.030020,0.079609,0.054720,0.040204,0.066166,0.049860,0.052551,0.139355,0.094414,0.054318,0.026993,0.050220,0.051688,0.041876,0.028805,0.067645,0.051546,0.048055,0.078527,0.046366,0.030829,0.039307,0.059639,0.045694,0.038217,0.043420,0.032775,0.040988,0.093915,0.031957,0.045838,0.053835,0.050268,0.054870,0.029917,0.052515,0.033682,0.043351,0.035582,0.036446,0.037673,0.081274,0.089631,0.052662,0.036565,0.036725,0.039925,0.054720,0.087683,0.034749,0.070020,0.029781,0.033457,0.031142,0.078751,0.074055,0.032832,0.031142,0.025685,0.111811,0.070289,0.022590,0.023172,0.018941,0.024168,0.064871,0.041973,0.043510,0.038133,0.044546,0.063253,0.057311,0.044261,0.032775,0.036563,0.024725,0.018719,0.085003,0.069069,0.066261,0.031341,0.031273,0.028420
0.022727,0.000000,0.169336,0.075567,0.146572,0.043922,0.046992,0.084602,0.105442,0.145617,0.101504,0.051136,0.028835,0.051008,0.092517,0.069610,0.188198,0.052023,0.055147,0.300971,0.060449,0.169922,0.079336,0.089645,0.161172,0.100578,0.104326,0.150794,0.075249,0.062975,0.026746,0.052006,0.129944,0.051665,0.068788,0.060278,0.047215,0.071256,0.165703,0.270710,0.045848,0.082616,0.040541,0.055909,0.090458,0.039641,0.139073,0.030519,0.050676,0.084192,0.054192,0.080275,0.094406,0.102230,0.072316,0.070866,0.068579,0.026478,0.088578,0.125945,0.033898,0.069579,0.054638,0.069708,0.191406,0.129199,0.137628,0.079336,0.067698,0.080000,0.079855,0.154494,0.058824,0.083810,0.039172,0.029674,0.090406,0.104762,0.036058,0.202857,0.058215,0.055970,0.029354,0.013667,0.072187,0.042017,0.053753,0.135321,0.096506,0.096270,0.064865,0.136054,0.157385,0.139073,0.063091,0.066667,0.064016,0.143054,0.169903,0.053667,0.066372,0.065934,0.064081
0.088430,0.169336,0.000000,6.815668,0.065217,0.029528,0.061511,0.047771,0.048000,0.139437,0.052724,0.071525,0.033186,0.034091,0.084197,0.068690,0.117470,0.135770,0.110155,0.086705,0.048701,0.054645,0.174439,0.108187,0.099485,0.053215,0.111628,0.079460,0.065789,0.044885,0.042254,0.042254,0.052817,0.033040,0.035833,0.057018,0.106605,0.052023,0.077338,0.088359,0.109807,0.087379,0.055341,0.094660,0.086493,0.032751,0.091837,0.086275,0.047695,0.048465,0.047291,0.052854,0.062397,0.052174,0.079176,0.117711,0.046484,0.041026,0.156652,0.057604,0.057484,0.045802,0.052184,0.082324,0.102389,0.103774,0.059722,0.174439,0.054152,0.084951,0.105442,0.089059,0.075758,0.094306,0.129496,0.042939,0.051813,0.053381,0.044879,0.098191,0.071605,0.043282,0.035883,0.020161,0.039837,0.182423,0.046921,0.116279,0.047022,0.034562,0.083655,0.125523,0.066667,0.091837,0.041379,0.040555,0.051282,0.085079,0.151448,0.125839,0.171779,0.050813,0.047619
0.055429,0.075567,6.815668,0.000000,0.104762,0.044057,0.083176,0.102041,0.193162,0.116418,0.083176,0.061341,0.067130,0.035714,0.061475,0.051195,0.086538,0.434402,0.097967,0.127451,0.111111,0.049116,0.055659,0.100932,0.069982,0.052204,0.089744,0.125997,0.090909,0.052288,0.089552,0.089552,0.056818,0.057604,0.038793,0.074534,0.113001,0.071515,0.174419,0.093611,0.046834,0.134948,0.061058,0.038265,0.037313,0.092954,0.086667,0.048980,0.098472,0.043178,0.038974,0.069284,0.105448,0.071028,0.068027,0.065463,0.037547,0.051327,0.117371,0.152284,0.071429,0.086179,0.038265,0.062341,0.071146,0.091146,0.077941,0.055659,0.132296,0.220430,0.098540,0.084986,0.104265,0.239464,0.046667,0.052579,0.046382,0.057471,0.088058,0.051873,0.038961,0.101029,0.105986,0.031478,0.031949,0.144866,0.043744,0.224018,0.197324,0.036232,0.088195,0.123288,0.141463,0.086667,0.051383,0.120401,0.058069,0.062155,0.073350,0.111511,0.100223,0.119469,0.101695
0.032018,0.146572,0.065217,0.104762,0.000000,0.044910,0.054054,0.135179,0.168576,0.064655,0.070270,0.052270,0.105618,0.049654,0.069921,0.073529,0.100000,0.119241,0.061728,0.159639,0.166113,0.140187,0.093805,0.162687,0.077329,0.059685,0.156250,0.065850,0.051510,0.082627,0.054598,0.083333,0.189531,0.048098,0.080101,0.080597,0.035336,0.056404,0.090406,0.042918,0.038168,0.086093,0.091743,0.170370,0.051807,0.041912,0.063025,0.052684,0.048780,0.049587,0.037962,0.098039,0.050420,0.192513,0.077093,0.032895,0.183030,0.025952,0.119469,0.114286,0.049559,0.081123,0.071605,0.083744,0.107527,0.129268,0.182720,0.093805,0.137037,0.075377,0.149826,0.166227,0.151786,0.125912,0.154070,0.046422,0.053097,0.124088,0.126316,0.067024,0.056533,0.027397,0.036364,0.080252,0.086010,0.059701,0.063429,0.204793,0.060897,0.070258,0.039318,0.064655,0.227064,0.063025,0.052672,0.032503,0.046450,0.101333,0.149425,0.092784,0.111579,0.110879,0.113636
0.062665,0.043922,0.029528,0.044057,0.044910,0.000000,0.109811,0.045299,0.055698,0.050319,0.040504,0.077163,0.089212,0.042194,0.063927,0.047089,0.082090,0.032432,0.039181,0.065315,0.101900,0.066911,0.110616,0.039152,0.056000,0.051247,0.046296,0.086849,0.105232,0.078000,0.053514,0.106230,0.120721,0.043448,0.083238,0.267537,0.053381,0.067520,0.073770,0.156175,0.031124,0.041379,0.081122,0.095168,0.027417,0.192589,0.162791,0.121639,0.040991,0.080103,0.028902,0.066995,0.047785,0.144136,0.049863,0.087875,0.049964,0.043224,0.122024,0.110656,0.043033,0.050125,0.043192,0.159357,0.029940,0.046584,0.034073,0.110616,0.054745,0.066038,0.066372,0.074866,0.093625,0.086051,0.050725,0.045283,0.100803,0.076993,0.077959,0.051668,0.062870,0.087826,0.042473,0.058399,0.031558,0.034803,0.044089,0.206897,0.176271,0.101418,0.066717,0.044118,0.060484,0.162791,0.034109,0.045977,0.062046,0.064319,0.054490,0.061511,0.051406,0.058027,0.038396
0.084022,0.046992,0.061511,0.083176,0.054054,0.109811,0.000000,0.053942,0.080556,0.037267,0.064759,0.035885,0.030030,0.054359,0.107266,0.066574,0.148880,0.092050,0.044379,0.068027,0.075949,0.046584,0.056380,0.038511,0.070796,0.043129,0.131429,0.086614,0.034818,0.064577,0.037267,0.037267,0.102564,0.047856,0.034749,0.070603,0.068894,0.109375,0.127496,0.053218,0.060559,0.074334,0.094037,0.032644,0.067093,0.046290,0.256410,0.043946,0.074586,0.067227,0.048649,0.052817,0.063920,0.082090,0.058997,0.038198,0.032120,0.086957,0.053476,0.056711,0.052114,0.040000,0.101197,0.062975,0.046392,0.057803,0.100613,0.056380,0.046225,0.059172,0.077599,0.061475,0.070018,0.045662,0.039057,0.041995,0.065282,0.045662,0.044606,0.062241,0.033149,0.090532,0.110919,0.031801,0.083799,0.112293,0.122540,0.119718,0.085948,0.044652,0.066514,0.109948,0.055046,0.256410,0.048571,0.041667,0.064975,0.108265,0.069853,0.078148,0.075342,0.074957,0.041379
0.029782,0.084602,0.047771,0.102041,0.135179,0.045299,0.053942,0.000000,2.270860,0.121528,0.114799,0.081564,0.070888,0.051257,0.068035,0.100000,0.064792,0.121043,0.061224,0.060000,0.115584,0.042674,0.072306,0.125298,0.099050,0.069129,0.073630,0.084044,0.106646,0.096223,0.085648,0.121528,0.052632,0.040490,0.092319,0.051313,0.057030,0.106968,0.104225,0.069204,0.028211,0.062176,0.056928,0.043967,0.071142,0.058901,0.082298,0.054514,0.038314,0.038810,0.042772,0.047847,0.039318,0.153635,0.041822,0.049074,0.039275,0.048338,0.087097,0.227891,0.049257,0.053152,0.055215,0.069388,0.087248,0.065744,0.034325,0.090041,0.146893,0.053004,0.156334,0.115174,0.107143,0.103352,0.044689,0.056572,0.040928,0.090782,0.037146,0.046211,0.152490,0.068092,0.024732,0.018860,0.055605,0.057459,0.097706,0.127592,0.056818,0.058708,0.080559,0.300633,0.079470,0.082298,0.050720,0.078827,0.042985,0.068627,0.099502,0.193333,0.066874,0.173375,0.038265
0.046419,0.105442,0.048000,0.193162,0.168576,0.055698,0.080556,2.270860,0.000000,0.089431,0.066667,0.080717,0.036019,0.041707,0.068256,0.090090,0.058896,0.089888,0.080601,0.144869,0.076923,0.061429,0.058904,0.093413,0.079019,0.055081,0.203098,0.052567,0.044926,0.084761,0.044135,0.084785,0.066759,0.100094,0.062916,0.144910,0.068047,0.037402,0.104668,0.049769,0.040179,0.172952,0.040948,0.122051,0.076382,0.103607,0.046802,0.053800,0.055128,0.084416,0.068611,0.141026,0.090789,0.117080,0.027959,0.063138,0.080808,0.068130,0.136143,0.051282,0.041938,0.054591,0.085128,0.039918,0.119369,0.128696,0.034443,0.058904,0.063830,0.085258,0.086604,0.099265,0.137031,0.103787,0.073329,0.037531,0.041096,0.165498,0.044118,0.120818,0.046826,0.035714,0.024793,0.018884,0.042478,0.073171,0.070698,0.134615,0.048162,0.121688,0.106681,0.047695,0.049917,0.046802,0.074863,0.168199,0.026914,0.063388,0.173333,0.070950,0.046875,0.069984,0.074264
0.065286,0.145617,0.139437,0.116418,0.064655,0.050319,0.037267,0.121528,0.089431,0.000000,0.037267,0.101331,0.152632,0.119176,0.163690,0.052204,0.053333,0.150242,0.144431,0.108247,0.205399,0.183439,0.284663,0.103261,0.076923,0.042179,0.094595,0.097453,0.062500,0.120603,0.084567,0.084567,0.073383,0.039336,0.082173,0.190217,0.040946,0.099909,0.094697,0.047418,0.073478,0.035129,0.399803,0.186792,0.041667,0.096273,0.185950,0.050159,0.115607,0.116959,0.047962,0.042313,0.050888,0.109741,0.089810,0.116179,0.067907,0.037696,0.143875,0.155224,0.050950,0.033670,0.132075,0.054614,0.177694,0.090909,0.071130,0.204908,0.106329,0.174383,0.065534,0.163752,0.148997,0.137845,0.039975,0.042056,0.122699,0.075188,0.062443,0.070626,0.152008,0.043123,0.061776,0.032415,0.037037,0.120567,0.042891,0.090268,0.426773,0.172101,0.209279,0.214286,0.078717,0.185950,0.074627,0.144075,0.071144,0.159000,0.100730,0.158654,0.126897,0.079670,0.088915
0.055096,0.101504,0.052724,0.083176,0.070270,0.040504,0.064759,0.114799,0.066667,0.037267,0.000000,0.051435,0.045045,0.049231,0.085352,0.091540,0.081686,0.037657,0.071006,0.056689,0.604782,0.097826,0.066766,0.068036,0.072271,0.053159,0.102857,0.154856,0.030769,0.059829,0.047205,0.047205,0.111614,0.067797,0.023166,0.055199,0.088727,0.076042,0.059908,0.047030,0.033385,0.042076,0.081422,0.032644,0.040469,0.073519,0.073504,0.046637,0.331492,0.340336,0.043243,0.123239,0.160511,0.071642,0.066863,0.047013,0.100642,0.037945,0.080214,0.085066,0.073746,0.109333,0.032644,0.068404,0.046392,0.057803,0.180368,0.066766,0.143297,0.124260,0.049780,0.469262,0.414722,0.045662,0.032323,0.063867,0.360534,0.057839,0.066390,0.091286,0.108287,0.028239,0.041594,0.068328,0.040037,0.069740,0.061717,0.066901,0.040928,0.096573,0.081422,0.092496,0.078899,0.073504,0.045000,0.077519,0.048886,0.086147,0.101103,0.054993,0.051370,0.051107,0.089655
0.038793,0.051136,0.071525,0.061341,0.052270,0.077163,0.035885,0.081564,0.080717,0.101331,0.051435,0.000000,0.040991,0.041848,0.055823,0.061590,0.102041,0.089231,0.045991,0.055465,0.071348,0.055147,0.100473,0.050473,0.035294,0.102652,0.076040,0.032120,0.089552,0.051429,0.123849,0.115660,0.116168,0.083404,0.032720,0.125131,0.088496,0.033569,0.076549,0.461224,0.054795,0.065537,0.043103,0.041247,0.070207,0.045094,0.077939,0.087801,0.042411,0.042889,0.088924,0.189189,0.034247,0.100950,0.031960,0.067058,0.056962,0.043841,0.092769,0.064194,0.040370,0.067245,0.057745,0.049405,0.101786,0.054993,0.091185,0.100473,0.131547,0.044183,0.073684,0.246970,0.041152,0.036188,0.079059,0.045627,0.044917,0.079614,0.116197,0.105505,0.069638,0.032703,0.087481,0.039616,0.034510,0.053045,0.093798,0.060811,0.075138,0.055507,0.051724,0.071141,0.087866,0.077939,0.036896,0.037375,0.041387,0.046557,0.125698,0.107764,0.091270,0.090909,0.070234
0.025182,0.028835,0.033186,0.067130,0.105618,0.089212,0.030030,0.070888,0.036019,0.152632,0.045045,0.040991,0.000000,0.335878,45.247088,0.042614,0.034735,0.095941,0.047478,0.057990,1.679732,0.071502,0.224975,0.444345,0.076999,0.077327,0.034884,0.077484,0.056051,0.260807,0.159649,0.159649,0.080160,0.033632,0.052147,0.043088,0.034803,0.047876,0.053753,0.047244,2.010474,0.046756,0.031483,0.129187,0.038462,0.121951,0.497826,0.037241,0.065156,0.051478,0.076817,0.033223,0.028874,0.057711,0.043639,0.241888,18.892041,0.046250,0.078125,0.196759,0.137574,0.035023,0.200957,0.158439,0.053942,0.085480,0.173043,0.224975,0.045732,1.363420,0.121807,0.364520,0.181614,0.103831,0.062637,0.042625,0.053518,0.045363,0.053118,0.047736,0.042742,0.027940,0.042310,0.026296,0.052520,0.076207,0.033035,0.066445,0.028090,0.023112,0.077879,0.077093,0.075000,0.497826,0.050720,0.031456,0.058432,36.980737,0.128555,0.061404,0.048966,0.048807,0.249057
0.053885,0.051008,0.034091,0.035714,0.049654,0.042194,0.054359,0.051257,0.041707,0.119176,0.049231,0.041848,0.335878,0.000000,0.223260,0.071705,0.064486,0.063371,0.038501,0.077128,0.189824,0.045026,0.136041,0.054128,0.038423,0.078746,0.088517,0.085741,0.094437,0.069648,0.078853,0.061828,0.069815,0.028919,0.113325,0.066972,0.035461,0.033832,0.049896,0.047364,0.228893,0.051758,0.025359,0.030894,0.054400,0.105056,0.400670,0.041374,0.036715,0.037073,0.041520,0.034130,0.029557,0.043833,0.039910,144.990991,0.384739,0.068528,0.043578,0.177381,60.526355,0.042413,0.101626,0.060065,0.051502,0.074699,0.055950,0.136041,0.055208,0.444988,0.063380,0.256571,0.104839,0.098140,0.057350,0.030949,0.038579,0.044421,0.035294,0.047919,0.037007,0.029703,0.030717,0.034117,0.056318,0.089023,0.047586,0.034130,0.133142,0.037677,0.048183,0.073529,0.056075,0.400670,0.064290,0.033507,0.089777,0.224786,0.077193,0.084830,0.033520,0.081292,0.028958
0.084592,0.092517,0.084197,0.061475,0.069921,0.063927,0.107266,0.068035,0.068256,0.163690,0.085352,0.055823,45.247088,0.223260,0.000000,0.047619,0.039501,0.044053,0.038680,0.152174,2.361050,0.053129,0.315849,0.251527,0.048808,0.069167,0.041209,0.093264,0.059110,0.241242,0.047619,0.047619,0.078522,0.031509,0.050067,0.070265,0.091301,0.042132,0.070258,0.059347,0.752515,0.032751,0.044651,0.038324,0.046410,0.224282,0.328680,0.029590,0.112190,0.267176,0.068545,0.038911,0.047409,0.177549,0.052459,0.252451,48.095866,0.049728,0.071990,0.184426,0.158197,0.086044,0.136364,0.102313,0.030457,0.041551,0.076621,0.315849,0.140845,1.253521,0.124153,0.778582,0.175000,0.125581,0.034953,0.022288,0.279361,0.080233,0.049700,0.091971,0.048736,0.038380,0.047900,0.051383,0.023493,0.084843,0.086298,0.160830,0.120726,0.036878,0.044651,0.055412,0.090909,0.328680,0.048659,0.052632,0.062672,352.080038,0.040161,0.033557,0.057179,0.056962,0.134698
0.055003,0.069610,0.068690,0.051195,0.073529,0.047089,0.066574,0.100000,0.090090,0.052204,0.091540,0.061590,0.042614,0.071705,0.047619,0.000000,0.036765,0.110280,0.040928,0.096386,0.057292,0.061341,0.114911,0.046651,0.097959,0.045541,0.051546,0.106227,0.051084,0.027027,0.034803,0.110209,0.054167,0.035849,0.061391,0.099282,0.042365,0.029499,0.120056,0.049711,0.043866,0.088312,0.207750,0.068648,0.043173,0.062254,0.269470,0.069966,0.032010,0.058366,0.243359,0.084800,0.039422,0.079780,0.100559,0.041744,0.030272,0.049924,0.121359,0.102389,0.158287,0.059480,0.049180,0.049080,0.143820,0.085069,0.149083,0.114911,0.075071,0.115248,0.040541,0.078899,0.342020,0.042017,0.073281,0.090833,0.061560,0.081232,0.093046,0.178108,0.044699,0.038065,0.064410,0.083054,0.095491,0.115172,0.038298,0.048000,0.056962,0.099020,0.079656,0.047619,0.063123,0.269470,0.032944,0.027548,0.026898,0.042576,0.088186,0.040107,0.046802,0.038820,0.180307
0.042663,0.188198,0.117470,0.086538,0.100000,0.082090,0.148880,0.064792,0.058896,0.053333,0.081686,0.102041,0.034735,0.064486,0.039501,0.036765,0.000000,0.052356,0.038911,0.055970,0.096774,0.100135,0.039012,0.049199,0.062096,0.048535,0.069355,0.057176,0.028571,0.026132,0.047778,0.047778,0.050132,0.048270,0.053957,0.083524,0.040836,0.052133,0.151475,0.066445,0.031092,0.092822,0.039297,0.029586,0.057060,0.024297,0.044118,0.073554,0.036630,0.037083,0.074689,0.079940,0.037547,0.088889,0.048561,0.061828,0.097182,0.033088,0.045732,0.125000,0.062050,0.075740,0.059172,0.052165,0.062112,0.192182,0.038462,0.039012,0.084677,0.049834,0.088689,0.051458,0.065951,0.170213,0.028481,0.064620,0.039012,0.070479,0.050992,0.083189,0.030000,0.073133,0.034428,0.048720,0.079555,0.031881,0.043693,0.079940,0.064010,0.035917,0.049638,0.056886,0.137500,0.044118,0.038796,0.084295,0.030976,0.039832,0.075117,0.038168,0.114875,0.095308,0.113415
0.054502,0.052023,0.135770,0.434402,0.119241,0.032432,0.092050,0.121043,0.089888,0.150242,0.037657,0.089231,0.095941,0.063371,0.044053,0.110280,0.052356,0.000000,0.214286,0.117647,0.057143,0.229258,0.129098,0.072513,0.172764,0.086313,0.088496,0.093750,0.042898,0.074971,0.056543,0.056543,0.102725,0.036720,0.070334,0.089376,0.045337,0.038760,0.113978,0.048232,0.059891,0.047438,0.103499,0.065484,0.070385,0.124708,0.250627,0.074273,0.055762,0.056818,0.062771,0.494764,0.057915,0.146694,0.054152,0.035928,0.040107,0.044486,0.093333,0.102041,0.140794,0.115248,0.095498,0.095238,0.193069,0.054054,0.076312,0.129098,0.136069,0.077882,0.076459,0.241722,0.142857,0.063694,0.033102,0.060606,0.061475,0.087049,0.070694,0.060811,0.101530,0.061886,0.065083,0.034096,0.059685,0.118182,0.055794,0.078534,0.054845,0.074646,0.043732,0.077519,0.097493,0.250627,0.053542,0.074468,0.072028,0.104012,0.167598,0.087129,0.075377,0.074813,0.064935
0.044399,0.055147,0.110155,0.097967,0.061728,0.039181,0.044379,0.061224,0.080601,0.144431,0.071006,0.045991,0.047478,0.038501,0.038680,0.040928,0.038911,0.214286,0.000000,0.121413,0.071923,0.073171,0.153061,0.037927,0.156522,0.091179,0.083799,0.129199,0.058540,0.059155,0.046512,0.046512,0.063704,0.042365,0.029839,0.074589,0.039175,0.053498,0.079940,0.052439,0.036923,0.073103,0.033937,0.083781,0.097792,0.049966,0.080402,0.073647,0.123641,0.073003,0.073975,0.051724,0.047486,0.077713,0.062196,0.083253,0.031712,0.053250,0.092496,0.055453,0.029155,0.148294,0.063373,0.040729,0.132500,0.073446,0.042322,0.062682,0.065053,0.082852,0.097842,0.106000,0.093146,0.067265,0.028724,0.158442,0.077259,0.044843,0.038934,0.068826,0.046892,0.037007,0.132075,0.024797,0.058011,0.074592,0.038053,0.134483,0.060403,0.038974,0.124434,0.167521,0.044883,0.080402,0.044618,0.147510,0.055283,0.039036,0.080935,0.210526,0.092282,0.105175,0.058345
0.024410,0.300971,0.086705,0.127451,0.159639,0.065315,0.068027,0.060000,0.144869,0.108247,0.056689,0.055465,0.057990,0.077128,0.152174,0.096386,0.055970,0.117647,0.121413,0.000000,0.118852,0.142518,0.066519,0.113309,0.065934,0.062016,0.082781,0.055659,0.048419,0.057831,0.073883,0.073883,0.079545,0.067949,0.036381,0.097122,0.133333,0.058345,0.070093,0.066667,0.096714,0.061224,0.066256,0.056034,0.041899,0.078652,0.082873,0.048206,0.059880,0.061100,0.084555,0.086957,0.062370,0.167785,0.037783,0.092732,0.091421,0.028791,0.174556,0.156863,0.086902,0.142315,0.061782,0.042980,0.181818,0.452703,0.050676,0.066519,0.070423,0.105634,0.186957,0.113208,0.113772,0.135945,0.059429,0.057609,0.066519,0.101382,0.067476,0.096525,0.063050,0.039755,0.032223,0.042776,0.131610,0.048154,0.103911,0.159420,0.127451,0.108108,0.058552,0.291429,0.279503,0.082873,0.038233,0.080346,0.049533,0.130503,0.121495,0.115385,0.174515,0.173077,0.109562
0.030020,0.060449,0.048701,0.111111,0.166113,0.101900,0.075949,0.115584,0.076923,0.205399,0.604782,0.071348,1.679732,0.189824,2.361050,0.057292,0.096774,0.057143,0.071923,0.118852,0.000000,0.078148,0.642164,0.282082,0.059310,0.052682,0.096154,0.105068,0.033541,0.144545,0.052817,0.062207,0.107042,0.103810,0.046945,0.096852,0.062687,0.072493,0.097421,0.091228,0.753558,0.064474,0.041349,0.098344,0.030426,0.134565,0.515823,0.054217,0.080415,0.064389,0.047537,0.048780,0.083888,0.104603,0.082707,0.176966,7.728848,0.043445,0.074013,0.274306,0.129699,0.074028,0.127329,0.070248,0.057471,0.095406,0.097448,0.642164,0.077586,3.532491,0.164384,2.373832,0.269868,0.149148,0.073760,0.025210,0.067961,0.096591,0.090999,0.056711,0.075630,0.023981,0.037469,0.032856,0.047279,0.071669,0.143348,0.112195,0.038462,0.139604,0.048966,0.085484,0.064189,0.515823,0.040774,0.035218,0.072159,3.015453,0.109983,0.040650,0.091918,0.091483,0.193005
0.079609,0.169922,0.054645,0.049116,0.140187,0.066911,0.046584,0.042674,0.061429,0.183439,0.097826,0.055147,0.071502,0.045026,0.053129,0.061341,0.100135,0.229258,0.073171,0.142518,0.078148,0.000000,0.151376,0.272727,0.103343,0.081883,0.075248,0.091644,0.064198,0.060987,0.112102,0.142675,0.099533,0.043744,0.041569,0.071146,0.079957,0.085106,0.071315,0.098985,0.035489,0.062049,0.219484,0.070078,0.057671,0.036577,0.076106,0.167123,0.088068,0.125360,0.066972,0.142336,0.096491,0.107692,0.048144,0.083916,0.103939,0.034538,0.079482,0.094303,0.135406,0.123288,0.187987,0.069922,0.048913,0.060120,0.226415,0.151376,0.108108,0.092402,0.072398,0.102564,0.184358,0.102041,0.029352,0.083704,0.133028,0.139717,0.056144,0.064935,0.152542,0.053209,0.046737,0.041179,0.069260,0.036320,0.091075,0.054745,0.053296,0.095440,0.073944,0.153707,0.057143,0.076106,0.071014,0.052372,0.065163,0.053635,0.152672,0.093890,0.053191,0.067019,0.148936
0.054720,0.079336,0.174439,0.055659,0.093805,0.110616,0.056380,0.072306,0.058904,0.284663,0.066766,0.100473,0.224975,0.136041,0.315849,0.114911,0.039012,0.129098,0.153061,0.066519,0.642164,0.151376,0.000000,0.101394,0.043605,0.071500,0.056075,0.110104,0.036145,0.285042,0.060123,0.060123,0.197623,0.065153,0.045211,0.079848,0.134298,0.030928,0.102874,0.041565,0.087827,0.047026,0.147392,0.202368,0.095890,0.116971,0.339496,0.086222,0.089918,0.124309,0.047321,0.084775,0.060224,0.136765,0.046738,0.052376,0.180085,0.033725,0.052539,0.213358,0.199611,0.072368,0.062433,0.056928,0.045226,0.056711,0.054545,230.182749,0.127466,1.588008,0.177489,2.244980,0.112875,0.131934,0.071572,0.091934,0.131579,0.109445,0.074949,0.054878,0.075410,0.043657,0.045533,0.023107,0.080258,0.061916,0.048759,0.112457,0.569314,0.044193,0.351474,0.077187,0.113514,0.339496,0.060993,0.043186,0.122386,0.318757,0.106498,0.085592,0.149832,0.105528,0.040816
0.040204,0.089645,0.108187,0.100932,0.162687,0.039152,0.038511,0.125298,0.093413,0.103261,0.068036,0.050473,0.444345,0.054128,0.251527,0.046651,0.049199,0.072513,0.037927,0.113309,0.282082,0.272727,0.101394,0.000000,0.107188,0.066547,0.028125,0.136830,0.051111,0.098459,0.092391,0.092391,0.109254,0.042934,0.047518,0.048098,0.097856,0.058605,0.069191,0.107259,0.414113,0.126812,0.100304,0.036750,0.090133,0.037247,0.118571,0.067480,0.083433,0.075995,0.048163,0.146413,0.103785,0.114650,0.087456,0.288732,0.393708,0.032609,0.140533,0.046584,0.130742,0.068208,0.442940,0.344595,0.067594,0.083596,0.056989,0.057034,0.089005,0.536977,0.080201,0.444444,0.285714,0.075130,0.046875,0.054054,0.079848,0.116580,0.063021,0.065327,0.076471,0.090978,0.037825,0.018428,0.025231,0.046826,0.133820,0.165447,0.051887,0.039889,0.044580,0.055233,0.045455,0.118571,0.058086,0.041848,0.054882,0.471253,0.045524,0.140199,0.078684,0.136752,0.169048
0.066166,0.161172,0.099485,0.069982,0.077329,0.056000,0.070796,0.099050,0.079019,0.076923,0.072271,0.035294,0.076999,0.038423,0.048808,0.097959,0.062096,0.172764,0.156522,0.065934,0.059310,0.103343,0.043605,0.107188,0.000000,0.063304,0.152134,0.061856,0.120096,0.040300,0.078144,0.052503,0.066470,0.044248,0.034377,0.066835,0.075103,0.114990,0.045113,0.054745,0.059140,0.088033,0.090293,0.075027,0.047219,0.043156,0.056761,0.047830,0.040650,0.079670,0.047153,0.051546,0.034819,0.254386,0.041707,0.127536,0.031646,0.050821,0.078261,0.079190,0.046557,0.039267,0.099678,0.083422,0.087065,0.082552,0.085645,0.043605,1.533937,0.084453,0.068867,0.119522,0.145359,0.044709,0.056704,0.032844,0.122093,0.259314,0.030675,0.060484,0.041349,0.024631,0.053938,0.024776,0.048713,0.084884,0.037986,0.077320,0.084337,0.075742,0.088036,0.195911,0.082290,0.056761,0.026874,0.028681,0.041718,0.049255,0.177419,0.042553,0.090301,0.089850,0.059540
0.049860,0.100578,0.053215,0.052204,0.059685,0.051247,0.043129,0.069129,0.055081,0.042179,0.053159,0.102652,0.077327,0.078746,0.069167,0.045541,0.048535,0.086313,0.091179,0.062016,0.052682,0.081883,0.071500,0.066547,0.063304,0.000000,0.075758,0.057534,0.028699,0.052670,0.093146,0.093146,0.075301,0.077844,0.027641,0.080935,0.033308,0.044857,0.134146,0.046450,0.076496,0.051625,0.039834,0.062300,0.070755,0.034961,0.084967,0.065608,0.028382,0.079274,0.069300,0.081021,0.080039,0.029910,0.046667,0.080502,0.035517,0.039424,0.050336,0.116009,0.077778,0.044321,0.066294,0.035885,0.076283,0.268779,0.078397,0.077458,0.030550,0.082143,0.113189,0.036541,0.076404,0.048485,0.048405,0.032520,0.082423,0.065657,0.034695,0.058896,0.034733,0.055303,0.020175,0.022556,0.031983,0.134012,0.033081,0.059933,0.028143,0.067901,0.039834,0.041943,0.034169,0.084967,0.083093,0.083516,0.023089,0.069631,0.034208,0.091797,0.070883,0.032609,0.035917
0.052551,0.104326,0.111628,0.089744,0.156250,0.046296,0.131429,0.073630,0.203098,0.094595,0.102857,0.076040,0.034884,0.088517,0.041209,0.051546,0.069355,0.088496,0.083799,0.082781,0.096154,0.075248,0.056075,0.028125,0.152134,0.075758,0.000000,0.157303,0.072080,0.052516,0.079580,0.105105,0.068702,0.049769,0.025952,0.046875,0.046398,0.054811,0.130859,0.044843,0.054830,0.031359,0.072306,0.038462,0.078750,0.033835,0.056054,0.079918,0.102564,0.083478,0.040165,0.128205,0.067257,0.071563,0.051253,0.117914,0.054088,0.039076,0.059242,0.112821,0.112756,0.137480,0.074359,0.038363,0.120482,0.223684,0.106509,0.056075,0.058824,0.119565,0.136029,0.137536,0.105263,0.048263,0.054978,0.029880,0.089720,0.057915,0.064242,0.125364,0.124021,0.036620,0.042365,0.033364,0.078075,0.062235,0.049030,0.123543,0.107744,0.078883,0.072306,0.207373,0.152709,0.056054,0.034100,0.033595,0.036561,0.048611,0.508642,0.086957,0.067416,0.156250,0.081911
0.139355,0.150794,0.079460,0.125997,0.065850,0.086849,0.086614,0.084044,0.052567,0.097453,0.154856,0.032120,0.077484,0.085741,0.093264,0.106227,0.057176,0.093750,0.129199,0.055659,0.105068,0.091644,0.110104,0.136830,0.061856,0.057534,0.157303,0.000000,0.039760,0.085143,0.058693,0.073090,0.148489,0.048138,0.034458,0.071836,0.073864,0.059546,0.065421,0.070640,0.071429,0.065351,0.127835,0.072763,0.043394,0.118698,0.115666,0.112119,0.054745,0.054187,0.062086,0.045045,0.068579,0.156250,0.043049,0.072386,0.089147,0.068232,0.072838,0.165869,0.059193,0.056604,0.058014,0.071639,0.061728,0.095624,0.087623,0.110104,0.073628,0.175207,0.087068,0.162116,0.106870,0.071523,0.053696,0.148268,0.056995,0.158940,0.095104,0.051724,0.087737,0.029186,0.059904,0.018557,0.083618,0.132415,0.051809,0.090090,0.125150,0.108388,0.070103,0.178838,0.139969,0.115666,0.028705,0.026549,0.031505,0.094044,0.070093,0.081115,0.065982,0.043796,0.087485
0.094414,0.075249,0.065789,0.090909,0.051510,0.105232,0.034818,0.106646,0.044926,0.062500,0.030769,0.089552,0.056051,0.094437,0.059110,0.051084,0.028571,0.042898,0.058540,0.048419,0.033541,0.064198,0.036145,0.051111,0.120096,0.028699,0.072080,0.039760,0.000000,0.049261,0.087936,0.032703,0.038898,0.078780,0.048232,0.033333,0.063440,0.052253,0.057283,0.021755,0.037655,0.042056,0.051975,0.030201,0.054967,0.063235,0.097751,0.037367,0.030116,0.054475,0.026770,0.083406,0.046275,0.084609,0.034005,0.111809,0.043854,0.024510,0.055654,0.058182,0.062343,0.060560,0.091946,0.062332,0.067779,0.034862,0.071429,0.103614,0.072131,0.097403,0.071770,0.088763,0.065603,0.036645,0.029183,0.031505,0.056225,0.184039,0.057980,0.050332,0.030488,0.050704,0.049275,0.022774,0.072948,0.031757,0.026643,0.096576,0.091258,0.205346,0.056826,0.039336,0.096774,0.097751,0.022831,0.053026,0.028807,0.059441,0.026906,0.066561,0.045887,0.045769,0.066358
0.054318,0.062975,0.044885,0.052288,0.082627,0.078000,0.064577,0.096223,0.084761,0.120603,0.059829,0.051429,0.260807,0.069648,0.241242,0.027027,0.026132,0.074971,0.059155,0.057831,0.144545,0.060987,0.285042,0.098459,0.040300,0.052670,0.052516,0.085143,0.049261,0.000000,0.101340,0.062814,0.042776,0.045259,0.064727,0.064212,0.033408,0.031875,0.050962,0.060150,0.175909,0.034483,0.105472,0.129969,0.033886,0.045210,0.193018,0.039229,0.194070,0.072529,0.051368,0.036573,0.027447,0.120869,0.092461,0.129078,0.290249,0.032648,0.096842,0.049020,0.124467,0.064091,0.084098,0.062595,0.057915,0.064978,0.065615,0.169332,0.170520,0.635045,0.111007,0.079818,0.051797,0.056405,0.031483,0.034595,0.075259,0.232314,0.133038,0.074627,0.045595,0.033898,0.058328,0.023196,0.134655,0.085020,0.039151,0.044932,0.191622,0.053994,0.093577,0.056133,0.046039,0.193018,0.079933,0.083040,0.111222,0.242788,0.051447,0.049074,0.060637,0.064549,0.180431
0.026993,0.026746,0.042254,0.089552,0.054598,0.053514,0.037267,0.085648,0.044135,0.084567,0.047205,0.123849,0.159649,0.078853,0.047619,0.034803,0.047778,0.056543,0.046512,0.073883,0.052817,0.112102,0.060123,0.092391,0.078144,0.093146,0.079580,0.058693,0.087936,0.101340,0.000000,274.442918,0.109453,0.046329,0.029944,0.220652,0.077343,0.048138,0.056818,0.125395,0.057383,0.035129,0.207305,0.050943,0.044444,0.045342,0.041322,0.030255,0.061272,0.051462,0.139089,0.042313,0.069822,0.053021,0.070812,0.045611,0.087442,0.060455,0.042735,0.116418,0.133851,0.059484,0.042453,0.049906,0.056711,0.080303,0.031381,0.060123,0.144304,0.054012,0.076456,0.117647,0.075931,0.141604,0.102091,0.062305,0.053988,0.066416,0.070588,0.062600,0.043021,0.033457,0.041699,0.102512,0.024691,0.089159,0.058777,0.197461,0.121281,0.043478,0.207305,0.126050,0.043732,0.041322,0.035691,0.040921,0.039841,0.048000,0.124088,0.036058,0.160000,0.072802,0.109700
0.050220,0.052006,0.042254,0.089552,0.083333,0.106230,0.037267,0.121528,0.084785,0.084567,0.047205,0.115660,0.159649,0.061828,0.047619,0.110209,0.047778,0.056543,0.046512,0.073883,0.062207,0.142675,0.060123,0.092391,0.052503,0.093146,0.105105,0.073090,0.032703,0.062814,274.442918,0.000000,0.109453,0.046329,0.040390,0.097826,0.077343,0.048138,0.111111,0.145416,0.057383,0.035129,0.207305,0.050943,0.044444,0.029814,0.067493,0.030255,0.034682,0.035088,0.139089,0.042313,0.063905,0.284834,0.070812,0.045611,0.027907,0.060455,0.121083,0.122388,0.112263,0.059484,0.073585,0.042373,0.056711,0.080303,0.055439,0.060123,0.092405,0.074074,0.076456,0.117647,0.075931,0.100251,0.234317,0.062305,0.036810,0.066416,0.126697,0.062600,0.045889,0.052788,0.054826,0.057131,0.024691,0.089159,0.058777,0.067701,0.121281,0.061594,0.207305,0.119048,0.122449,0.067493,0.024659,0.060529,0.039841,0.048000,0.124088,0.036058,0.160000,0.072802,0.120092
0.051688,0.129944,0.052817,0.056818,0.189531,0.120721,0.102564,0.052632,0.066759,0.073383,0.111614,0.116168,0.080160,0.069815,0.078522,0.054167,0.050132,0.102725,0.063704,0.079545,0.107042,0.099533,0.197623,0.109254,0.066470,0.075301,0.068702,0.148489,0.038898,0.042776,0.109453,0.109453,0.000000,0.092814,0.061824,0.095116,0.044932,0.031283,0.046154,0.059480,0.049728,0.109551,0.051665,0.090414,0.087420,0.044278,0.125000,0.049372,0.089903,0.091164,0.040577,0.137566,0.068279,0.133034,0.029528,0.029412,0.067524,0.041930,0.076786,0.147727,0.068898,0.121495,0.032680,0.068478,0.077519,0.102317,0.060197,0.044577,0.069444,0.320158,0.063050,0.051335,0.070144,0.057927,0.060647,0.037653,0.096582,0.059451,0.092420,0.062370,0.054204,0.060682,0.076323,0.044282,0.041938,0.044970,0.047449,0.141093,0.040984,0.066528,0.073479,0.648601,0.115809,0.125000,0.034310,0.092144,0.073065,0.079254,0.267035,0.065217,0.128645,0.127986,0.087017
0.041876,0.051665,0.033040,0.057604,0.048098,0.043448,0.047856,0.040490,0.100094,0.039336,0.067797,0.083404,0.033632,0.028919,0.031509,0.035849,0.048270,0.036720,0.042365,0.067949,0.103810,0.043744,0.065153,0.042934,0.044248,0.077844,0.049769,0.048138,0.078780,0.045259,0.046329,0.046329,0.092814,0.000000,0.104039,0.038462,0.065536,0.040801,0.030303,0.055798,0.039336,0.059886,0.037159,0.089825,0.071205,0.029314,0.074675,0.108666,0.042333,0.062678,0.071774,0.042999,0.050815,0.052527,0.047198,0.027941,0.049489,0.028055,0.047778,0.034562,0.028024,0.075298,0.042925,0.038095,0.061898,0.086247,0.198440,0.065153,0.038462,0.074468,0.067515,0.064087,0.033482,0.030120,0.031798,0.032389,0.065153,0.053213,0.072909,0.036541,0.063505,0.047959,0.042197,0.030008,0.048125,0.048945,0.097461,0.033076,0.049440,0.052995,0.037159,0.058114,0.082579,0.074675,0.017251,0.038658,0.048593,0.055092,0.050963,0.066019,0.032503,0.032397,0.106203
0.028805,0.068788,0.035833,0.038793,0.080101,0.083238,0.034749,0.092319,0.062916,0.082173,0.023166,0.032720,0.052147,0.113325,0.050067,0.061391,0.053957,0.070334,0.029839,0.036381,0.046945,0.041569,0.045211,0.047518,0.034377,0.027641,0.025952,0.034458,0.048232,0.064727,0.029944,0.040390,0.061824,0.104039,0.000000,0.034043,0.059786,0.061596,0.078003,0.120222,0.071391,0.065476,0.029940,0.058710,0.034395,0.078571,0.086349,0.040092,0.035424,0.028253,0.037335,0.035863,0.054682,0.111453,0.050364,0.027240,0.024281,0.060654,0.076342,0.058621,0.104976,0.032585,0.043871,0.072809,0.047105,0.069565,0.031120,0.040613,0.029687,0.037786,0.052511,0.038427,0.049663,0.034938,0.056238,0.025366,0.029119,0.077640,0.042633,0.026954,0.148438,0.026158,0.030252,0.042258,0.031672,0.127285,0.048599,0.048374,0.079912,0.028231,0.049235,0.058140,0.065476,0.086349,0.039389,0.028863,0.028037,0.032215,0.054468,0.082451,0.060905,0.031199,0.089971
0.067645,0.060278,0.057018,0.074534,0.080597,0.267537,0.070603,0.051313,0.144910,0.190217,0.055199,0.125131,0.043088,0.066972,0.070265,0.099282,0.083524,0.089376,0.074589,0.097122,0.096852,0.071146,0.079848,0.048098,0.066835,0.080935,0.046875,0.071836,0.033333,0.064212,0.220652,0.097826,0.095116,0.038462,0.034043,0.000000,0.070829,0.041860,0.070496,0.073673,0.123307,0.057971,0.096251,0.082205,0.028463,0.043561,0.170000,0.036585,0.063170,0.063932,0.066939,0.057101,0.058608,0.146497,0.092756,0.060739,0.085796,0.045652,0.066568,0.082298,0.111307,0.052023,0.062863,0.052124,0.035785,0.059937,0.078495,0.079848,0.160995,0.255627,0.056391,0.056385,0.224702,0.038860,0.036875,0.085851,0.067174,0.126943,0.041705,0.041876,0.135294,0.028810,0.088258,0.018428,0.072330,0.046826,0.100568,0.087848,0.102594,0.125232,0.119554,0.119186,0.072727,0.170000,0.038284,0.046207,0.054882,0.046201,0.072838,0.148883,0.055794,0.089744,0.147619
0.051546,0.047215,0.106605,0.113001,0.035336,0.053381,0.068894,0.057030,0.068047,0.040946,0.088727,0.088496,0.034803,0.035461,0.091301,0.042365,0.040836,0.045337,0.039175,0.133333,0.062687,0.079957,0.134298,0.097856,0.075103,0.033308,0.046398,0.073864,0.063440,0.033408,0.077343,0.077343,0.044932,0.065536,0.059786,0.070829,0.000000,0.059011,0.031746,0.126134,0.087863,0.113208,0.060034,0.039571,0.038929,0.039138,0.083049,0.037615,0.029470,0.029762,0.034188,0.074246,0.079158,0.081950,0.061785,0.045627,0.048860,0.059654,0.114620,0.138518,0.034325,0.067050,0.071723,0.047737,0.043988,0.060271,0.027051,0.098140,0.090138,0.056180,0.030706,0.038363,0.052879,0.071504,0.073637,0.037578,0.030992,0.182965,0.046105,0.046392,0.065054,0.051402,0.043508,0.077451,0.053363,0.057895,0.220963,0.121810,0.072055,0.155131,0.054031,0.083045,0.057211,0.083049,0.026564,0.022624,0.045550,0.041631,0.035800,0.196954,0.048975,0.034052,0.056919
0.048055,0.071256,0.052023,0.071515,0.056404,0.067520,0.109375,0.106968,0.037402,0.099909,0.076042,0.033569,0.047876,0.033832,0.042132,0.029499,0.052133,0.038760,0.053498,0.058345,0.072493,0.085106,0.030928,0.058605,0.114990,0.044857,0.054811,0.059546,0.052253,0.031875,0.048138,0.048138,0.031283,0.040801,0.061596,0.041860,0.059011,0.000000,0.071806,0.062500,0.040404,0.042616,0.102740,0.057613,0.051822,0.048159,0.054484,0.051736,0.044118,0.044554,0.037696,0.040509,0.048000,0.031056,0.034273,0.044799,0.024390,0.027546,0.079347,0.058182,0.044935,0.102294,0.037037,0.043550,0.026316,0.066258,0.058506,0.030928,0.045503,0.136986,0.043922,0.048469,0.052755,0.046170,0.047726,0.045170,0.046392,0.031480,0.046825,0.061697,0.085762,0.035333,0.036552,0.067099,0.045985,0.033275,0.049505,0.052083,0.036929,0.023828,0.053938,0.080552,0.063020,0.054484,0.037736,0.039910,0.049686,0.051948,0.125000,0.045593,0.060227,0.107588,0.042116
0.078527,0.165703,0.077338,0.174419,0.090406,0.073770,0.127496,0.104225,0.104668,0.094697,0.059908,0.076549,0.053753,0.049896,0.070258,0.120056,0.151475,0.113978,0.079940,0.070093,0.097421,0.071315,0.102874,0.069191,0.045113,0.134146,0.130859,0.065421,0.057283,0.050962,0.056818,0.111111,0.046154,0.030303,0.078003,0.070496,0.031746,0.071806,0.000000,0.081761,0.050196,0.117143,0.061700,0.049669,0.167387,0.029533,0.118881,0.062613,0.042194,0.042796,0.039198,0.118919,0.094067,0.057839,0.042829,0.071429,0.153094,0.042332,0.065693,0.155039,0.042829,0.074627,0.049669,0.055066,0.061333,0.094862,0.073566,0.099849,0.070755,0.143725,0.088060,0.132632,0.045956,0.211180,0.030571,0.061947,0.045386,0.046584,0.031546,0.102345,0.089686,0.044500,0.099036,0.027226,0.073516,0.051621,0.099548,0.172973,0.083333,0.073684,0.061700,0.053571,0.124060,0.118881,0.038933,0.029441,0.058640,0.062648,0.084746,0.110619,0.068301,0.102787,0.140449
0.046366,0.270710,0.088359,0.093611,0.042918,0.156175,0.053218,0.069204,0.049769,0.047418,0.047030,0.461224,0.047244,0.047364,0.059347,0.049711,0.066445,0.048232,0.052439,0.066667,0.091228,0.098985,0.041565,0.107259,0.054745,0.046450,0.044843,0.070640,0.021755,0.060150,0.125395,0.145416,0.059480,0.055798,0.120222,0.073673,0.126134,0.062500,0.081761,0.000000,0.038408,0.093349,0.047244,0.335842,0.048938,0.079355,0.041152,0.023828,0.055300,0.086247,0.055024,0.130618,0.148585,0.151106,0.046512,0.068670,0.035250,0.021292,0.053901,0.068351,0.181740,0.078300,0.042333,0.042254,0.056391,0.187029,0.096976,0.041565,0.056747,0.119816,0.051995,0.087025,0.048502,0.037453,0.039288,0.069930,0.090465,0.078652,0.043321,0.078275,0.097235,0.065282,0.058552,0.038851,0.031199,0.064646,0.035658,0.063202,0.075257,0.094851,0.057087,0.080893,0.100145,0.041152,0.064767,0.036565,0.025568,0.059821,0.065407,0.081437,0.052198,0.041040,0.060990
0.030829,0.045848,0.109807,0.046834,0.038168,0.031124,0.060559,0.028211,0.040179,0.073478,0.033385,0.054795,2.010474,0.228893,0.752515,0.043866,0.031092,0.059891,0.036923,0.096714,0.753558,0.035489,0.087827,0.414113,0.059140,0.076496,0.054830,0.071429,0.037655,0.175909,0.057383,0.057383,0.049728,0.039336,0.071391,0.123307,0.087863,0.040404,0.050196,0.038408,0.000000,0.049364,0.028743,0.037589,0.108765,0.149546,0.235732,0.048304,0.031899,0.047085,0.036332,0.062919,0.026355,0.061824,0.035954,0.140426,1.841463,0.161461,0.080169,0.111015,0.082876,0.072052,0.223590,0.193528,0.040514,0.046369,0.059069,0.087827,0.035350,0.304156,0.102525,0.040468,0.109229,0.062451,0.055951,0.035654,0.048536,0.062451,0.059824,0.034358,0.044474,0.024617,0.025309,0.075906,0.072438,0.046939,0.069460,0.037752,0.057480,0.050410,0.061497,0.070175,0.053892,0.235732,0.035573,0.027174,0.101339,0.756575,0.051370,0.055513,0.037252,0.037159,0.174944
0.039307,0.082616,0.087379,0.134948,0.086093,0.041379,0.074334,0.062176,0.172952,0.035129,0.042076,0.065537,0.046756,0.051758,0.032751,0.088312,0.092822,0.047438,0.073103,0.061224,0.064474,0.062049,0.047026,0.126812,0.088033,0.051625,0.031359,0.065351,0.042056,0.034483,0.035129,0.035129,0.109551,0.059886,0.065476,0.057971,0.113208,0.042616,0.117143,0.093349,0.049364,0.000000,0.062975,0.092975,0.045547,0.059289,0.078864,0.084192,0.097025,0.082569,0.025884,0.048622,0.057105,0.097357,0.065666,0.070093,0.038657,0.034247,0.062295,0.091696,0.125704,0.056320,0.049587,0.030928,0.041190,0.052817,0.034722,0.047026,0.189112,0.088129,0.121585,0.055866,0.079208,0.035411,0.029335,0.049497,0.087137,0.113314,0.044423,0.073446,0.081761,0.081405,0.024938,0.031566,0.075690,0.094972,0.092545,0.141005,0.061381,0.053360,0.057546,0.186495,0.089226,0.078864,0.041408,0.027752,0.027027,0.033040,0.101180,0.040541,0.083728,0.083333,0.038760
0.059639,0.040541,0.055341,0.061058,0.091743,0.081122,0.094037,0.056928,0.040948,0.399803,0.081422,0.043103,0.031483,0.025359,0.044651,0.207750,0.039297,0.103499,0.033937,0.066256,0.041349,0.219484,0.147392,0.100304,0.090293,0.039834,0.072306,0.127835,0.051975,0.105472,0.207305,0.207305,0.051665,0.037159,0.029940,0.096251,0.060034,0.102740,0.061700,0.047244,0.028743,0.062975,0.000000,0.162378,0.039233,0.032200,0.081967,0.076342,0.174893,0.176790,0.091047,0.086340,0.047149,0.051253,0.101224,0.039870,0.042032,0.032587,0.101430,0.094980,0.057959,0.055324,0.149068,0.055802,0.194631,0.041265,0.029326,0.146259,0.114352,0.145455,0.059484,0.178161,0.049673,0.097110,0.050207,0.082902,0.184807,0.067052,0.088737,0.043478,0.056604,0.046034,0.073421,0.017751,0.023401,0.163188,0.092760,0.095361,0.114772,0.059778,192.306481,0.230474,0.039841,0.081967,0.067164,0.024194,0.065789,0.044986,0.070479,0.229143,0.131313,0.066667,0.051447
0.045694,0.055909,0.094660,0.038265,0.170370,0.095168,0.032644,0.043967,0.122051,0.186792,0.032644,0.041247,0.129187,0.030894,0.038324,0.068648,0.029586,0.065484,0.083781,0.056034,0.098344,0.070078,0.202368,0.036750,0.075027,0.062300,0.038462,0.072763,0.030201,0.129969,0.050943,0.050943,0.090414,0.089825,0.058710,0.082205,0.039571,0.057613,0.049669,0.335842,0.037589,0.092975,0.162378,0.000000,0.072864,0.058005,0.086905,0.032847,0.127681,0.128999,0.047619,0.121507,0.031283,0.194595,0.054245,0.062696,0.048780,0.035526,0.036765,0.089286,0.085692,0.037811,0.051107,0.051020,0.054432,0.038760,0.074766,0.202368,0.108407,0.111549,0.067164,0.139973,0.104680,0.049342,0.070115,0.049356,0.134553,0.169956,0.073831,0.051560,0.062931,0.081563,0.064585,0.038730,0.058691,0.043597,0.069192,0.054678,0.256073,0.064860,0.672582,0.119565,0.060000,0.086905,0.071299,0.069930,0.089792,0.043088,0.067584,0.083510,0.057211,0.111639,0.054082
0.038217,0.090458,0.086493,0.037313,0.051807,0.027417,0.067093,0.071142,0.076382,0.041667,0.040469,0.070207,0.038462,0.054400,0.046410,0.043173,0.057060,0.070385,0.097792,0.041899,0.030426,0.057671,0.095890,0.090133,0.047219,0.070755,0.078750,0.043394,0.054967,0.033886,0.044444,0.044444,0.087420,0.071205,0.034395,0.028463,0.038929,0.051822,0.167387,0.048938,0.108765,0.045547,0.039233,0.072864,0.000000,0.036124,0.056977,0.032374,0.075075,0.045501,0.032491,0.083037,0.054137,0.047619,0.049536,0.075617,0.031431,0.053247,0.110048,0.042289,0.067337,0.029268,0.065327,0.044314,0.072398,0.073048,0.062385,0.095890,0.089827,0.127877,0.081420,0.058978,0.046875,0.115880,0.025568,0.065585,0.047418,0.051502,0.075868,0.046235,0.113559,0.064233,0.066480,0.062644,0.065975,0.042819,0.123475,0.087782,0.117063,0.046850,0.064516,0.062500,0.036585,0.056977,0.028657,0.097934,0.066103,0.089065,0.076923,0.055901,0.034924,0.104408,0.078000
0.043420,0.039641,0.032751,0.092954,0.041912,0.192589,0.046290,0.058901,0.103607,0.096273,0.073519,0.045094,0.121951,0.105056,0.224282,0.062254,0.024297,0.124708,0.049966,0.078652,0.134565,0.036577,0.116971,0.037247,0.043156,0.034961,0.033835,0.118698,0.063235,0.045210,0.045342,0.029814,0.044278,0.029314,0.078571,0.043561,0.039138,0.048159,0.029533,0.079355,0.149546,0.059289,0.032200,0.058005,0.036124,0.000000,0.143165,0.080208,0.045128,0.028308,0.056919,0.040058,0.029821,0.042712,0.023600,0.085433,0.132260,0.052657,0.039531,0.074963,0.034577,0.064952,0.078306,0.078216,0.044426,0.022659,0.041975,0.208925,0.185695,0.032774,0.079301,0.037123,0.022026,0.158687,0.019651,0.027721,0.029074,0.064979,0.041832,0.023310,0.031579,0.046292,0.057682,0.045658,0.023949,0.053301,0.035361,0.096868,0.051365,0.029977,0.047704,0.058055,0.033333,0.143165,0.071655,0.024496,0.046262,0.225361,0.054114,0.065508,0.094312,0.032328,0.041176
0.032775,0.139073,0.091837,0.086667,0.063025,0.162791,0.256410,0.082298,0.046802,0.185950,0.073504,0.077939,0.497826,0.400670,0.328680,0.269470,0.044118,0.250627,0.080402,0.082873,0.515823,0.076106,0.339496,0.118571,0.056761,0.084967,0.056054,0.115666,0.097751,0.193018,0.041322,0.067493,0.125000,0.074675,0.086349,0.170000,0.083049,0.054484,0.118881,0.041152,0.235732,0.078864,0.081967,0.086905,0.056977,0.143165,0.000000,0.028958,0.069767,0.179528,0.043647,0.079755,0.068800,0.108291,0.047974,0.273885,0.447953,0.025295,0.093361,0.240000,0.099147,0.141580,0.063095,0.076010,0.139159,0.040909,0.995924,0.159664,0.084211,0.584112,0.124172,0.110024,3.631799,0.216263,0.041252,0.132519,0.191597,0.110727,0.050847,0.111663,0.064165,0.026667,0.058605,0.021797,0.098492,0.089961,0.028874,0.284254,0.065749,0.184389,0.044136,0.060729,0.180258,183.059289,0.022710,0.031480,0.029278,0.751282,0.286022,0.078431,0.116832,0.116142,0.046440
0.040988,0.030519,0.086275,0.048980,0.052684,0.121639,0.043946,0.054514,0.053800,0.050159,0.046637,0.087801,0.037241,0.041374,0.029590,0.069966,0.073554,0.074273,0.073647,0.048206,0.054217,0.167123,0.086222,0.067480,0.047830,0.065608,0.079918,0.112119,0.037367,0.039229,0.030255,0.030255,0.049372,0.108666,0.040092,0.036585,0.037615,0.051736,0.062613,0.023828,0.048304,0.084192,0.076342,0.032847,0.032374,0.080208,0.028958,0.000000,0.045106,0.042918,0.054452,0.047105,0.041558,0.042819,0.029292,0.029212,0.031047,0.026224,0.147233,0.076531,0.029292,0.037469,0.063504,0.067055,0.035757,0.056701,0.041864,0.086222,0.040909,0.091858,0.039683,0.040469,0.034722,0.047834,0.111570,0.217064,0.044444,0.043321,0.090459,0.032154,0.040560,0.025982,0.033022,0.019438,0.034754,0.101773,0.028681,0.047105,0.092061,0.056577,0.028723,0.090820,0.030120,0.028958,0.100486,0.028995,0.045477,0.025954,0.030151,0.055166,0.028986,0.065511,0.032313
0.093915,0.050676,0.047695,0.098472,0.048780,0.040991,0.074586,0.038314,0.055128,0.115607,0.331492,0.042411,0.065156,0.036715,0.112190,0.032010,0.036630,0.055762,0.123641,0.059880,0.080415,0.088068,0.089918,0.083433,0.040650,0.028382,0.102564,0.054745,0.030116,0.194070,0.061272,0.034682,0.089903,0.042333,0.035424,0.063170,0.029470,0.044118,0.042194,0.055300,0.031899,0.097025,0.174893,0.127681,0.075075,0.045128,0.069767,0.045106,0.000000,175.448320,0.099145,0.085987,0.176702,0.094521,0.041783,0.035153,0.072435,0.033962,0.161031,0.076401,0.044568,0.037037,0.179775,0.066259,0.075893,0.051813,0.171429,0.089918,0.112835,0.451499,0.071332,0.082117,0.191248,0.108787,0.050485,0.056525,149.110354,0.092050,0.029297,0.064576,0.031088,0.061709,0.064250,0.031001,0.037919,0.041943,0.025467,0.047771,0.087011,0.095797,0.137339,0.047393,0.074380,0.069767,0.030822,0.050366,0.041169,0.113166,0.178808,0.090546,0.127329,0.091190,0.061146
0.031957,0.084192,0.048465,0.043178,0.049587,0.080103,0.067227,0.038810,0.084416,0.116959,0.340336,0.042889,0.051478,0.037073,0.267176,0.058366,0.037083,0.056818,0.073003,0.061100,0.064389,0.125360,0.124309,0.075995,0.079670,0.079274,0.083478,0.054187,0.054475,0.072529,0.051462,0.035088,0.091164,0.062678,0.028253,0.063932,0.029762,0.044554,0.042796,0.086247,0.047085,0.082569,0.176790,0.128999,0.045501,0.028308,0.179528,0.042918,175.448320,0.000000,0.100000,0.069579,0.179045,0.059722,0.059044,0.035481,0.110772,0.034221,0.147300,0.077720,0.028116,0.060000,0.054696,0.055613,0.077626,0.052724,0.173410,0.124309,0.098712,0.080790,0.040928,0.083643,0.120264,0.114569,0.029316,0.050293,227.511050,0.142857,0.071992,0.056391,0.031414,0.038278,0.077243,0.031132,0.038256,0.042411,0.025685,0.055016,0.088123,0.096742,0.138829,0.048154,0.080672,0.179528,0.031034,0.044362,0.041417,0.269527,0.101010,0.091768,0.077287,0.193093,0.129032
0.045838,0.054192,0.047291,0.038974,0.037962,0.028902,0.048649,0.042772,0.068611,0.047962,0.043243,0.088924,0.076817,0.041520,0.068545,0.243359,0.074689,0.062771,0.073975,0.084555,0.047537,0.066972,0.047321,0.048163,0.047153,0.069300,0.040165,0.062086,0.026770,0.051368,0.139089,0.139089,0.040577,0.071774,0.037335,0.066939,0.034188,0.037696,0.039198,0.055024,0.036332,0.025884,0.091047,0.047619,0.032491,0.056919,0.043647,0.054452,0.099145,0.100000,0.000000,0.087771,0.026087,0.048387,0.127820,0.030675,0.032609,0.069550,0.029791,0.030769,0.077239,0.031773,0.038828,0.098756,0.081535,0.331606,0.063442,0.042857,0.048402,0.031480,0.055802,0.046039,0.087737,0.075249,0.088037,0.052863,0.103571,0.053490,0.055319,0.032328,0.048113,0.060606,0.066250,0.055536,0.031579,0.034830,0.106777,0.056213,0.040712,0.124911,0.047800,0.053974,0.043391,0.043647,0.024377,0.040595,0.030553,0.040613,0.045455,0.059807,0.072816,0.072604,0.025619
0.053835,0.080275,0.052854,0.069284,0.098039,0.066995,0.052817,0.047847,0.141026,0.042313,0.123239,0.189189,0.033223,0.034130,0.038911,0.084800,0.079940,0.494764,0.051724,0.086957,0.048780,0.142336,0.084775,0.146413,0.051546,0.081021,0.128205,0.045045,0.083406,0.036573,0.042313,0.042313,0.137566,0.042999,0.035863,0.057101,0.074246,0.040509,0.118919,0.130618,0.062919,0.048622,0.086340,0.121507,0.083037,0.040058,0.079755,0.047105,0.085987,0.069579,0.087771,0.000000,0.064145,0.092334,0.048860,0.032432,0.035800,0.041061,0.064516,0.087760,0.042345,0.082569,0.114216,0.054545,0.267123,0.148936,0.073713,0.084775,0.099458,0.085158,0.051107,0.089286,0.151844,0.078431,0.056156,0.042025,0.147059,0.085561,0.082949,0.160622,0.037083,0.061372,0.064272,0.034962,0.066462,0.080000,0.046967,0.158898,0.061224,0.078431,0.069588,0.079665,0.247216,0.071575,0.032975,0.084402,0.049342,0.039318,0.078125,0.198319,0.153689,0.152749,0.117647
0.050268,0.094406,0.062397,0.105448,0.050420,0.047785,0.063920,0.039318,0.090789,0.050888,0.160511,0.034247,0.028874,0.029557,0.047409,0.039422,0.037547,0.057915,0.047486,0.062370,0.083888,0.096491,0.060224,0.103785,0.034819,0.080039,0.067257,0.068579,0.046275,0.027447,0.069822,0.063905,0.068279,0.050815,0.054682,0.058608,0.079158,0.048000,0.094067,0.148585,0.026355,0.057105,0.047149,0.031283,0.054137,0.029821,0.068800,0.041558,0.176702,0.179045,0.026087,0.064145,0.000000,0.067606,0.094607,0.028275,0.044148,0.022989,0.049917,0.210896,0.040681,0.105063,0.099062,0.098855,0.042056,0.053667,0.088889,0.060224,0.055152,0.054845,0.107884,0.056818,0.073702,0.100430,0.036066,0.068470,0.042017,0.068867,0.114542,0.034483,0.031746,0.031350,0.032663,0.035910,0.071813,0.054176,0.086356,0.085526,0.068564,0.052841,0.047149,0.061990,0.066667,0.068800,0.020833,0.040112,0.042874,0.047831,0.148973,0.061560,0.133013,0.132376,0.180392
0.054870,0.102230,0.052174,0.071028,0.192513,0.144136,0.082090,0.153635,0.117080,0.109741,0.071642,0.100950,0.057711,0.043833,0.177549,0.079780,0.088889,0.146694,0.077713,0.167785,0.104603,0.107692,0.136765,0.114650,0.254386,0.029910,0.071563,0.156250,0.084609,0.120869,0.053021,0.284834,0.133034,0.052527,0.111453,0.146497,0.081950,0.031056,0.057839,0.151106,0.061824,0.097357,0.051253,0.194595,0.047619,0.042712,0.108291,0.042819,0.094521,0.059722,0.048387,0.092334,0.067606,0.000000,0.043988,0.093476,0.077660,0.055075,0.167549,0.153271,0.064516,0.071429,0.116757,0.061489,0.063452,0.114286,0.079172,0.136765,0.270229,0.442495,0.069666,0.060729,0.191829,0.067873,0.191818,0.065274,0.063235,163.684766,0.152577,0.118852,0.142700,0.109091,0.037069,0.038577,0.044444,0.153756,0.065836,0.925087,0.060893,0.137255,0.088838,0.179620,0.054446,0.108291,0.052632,0.028902,0.051788,0.120231,0.134545,0.134864,0.200000,0.187184,0.061560
0.029917,0.072316,0.079176,0.068027,0.077093,0.049863,0.058997,0.041822,0.027959,0.089810,0.066863,0.031960,0.043639,0.039910,0.052459,0.100559,0.048561,0.054152,0.062196,0.037783,0.082707,0.048144,0.046738,0.087456,0.041707,0.046667,0.051253,0.043049,0.034005,0.092461,0.070812,0.070812,0.029528,0.047198,0.050364,0.092756,0.061785,0.034273,0.042829,0.046512,0.035954,0.065666,0.101224,0.054245,0.049536,0.023600,0.047974,0.029292,0.041783,0.059044,0.127820,0.048860,0.094607,0.043988,0.000000,0.114265,0.059052,0.035847,0.064551,0.096372,0.076642,0.034451,0.058176,0.051805,0.059379,0.034404,0.053938,0.046738,0.199601,0.034884,0.074324,0.074911,0.052747,0.084158,0.094668,0.039439,0.061344,0.068317,0.057707,0.041916,0.030207,0.098908,0.029861,0.020149,0.047652,0.031693,0.059143,0.062975,0.044199,0.034195,0.071837,0.092873,0.153675,0.047974,0.033086,0.034657,0.031996,0.052805,0.050167,0.107280,0.114194,0.041489,0.046382
0.052515,0.070866,0.117711,0.065463,0.032895,0.087875,0.038198,0.049074,0.063138,0.116179,0.047013,0.067058,0.241888,144.990991,0.252451,0.041744,0.061828,0.035928,0.083253,0.092732,0.176966,0.083916,0.052376,0.288732,0.127536,0.080502,0.117914,0.072386,0.111809,0.129078,0.045611,0.045611,0.029412,0.027941,0.027240,0.060739,0.045627,0.044799,0.071429,0.068670,0.140426,0.070093,0.039870,0.062696,0.075617,0.085433,0.273885,0.029212,0.035153,0.035481,0.030675,0.032432,0.028275,0.093476,0.114265,0.000000,0.335399,0.027744,0.087146,0.202032,217.685590,0.099368,0.073668,0.074335,0.046980,0.084475,0.145051,0.052376,0.029821,0.326389,0.088462,0.267456,0.190372,0.117357,0.048860,0.020000,0.036857,0.094675,0.034065,0.083433,0.065769,0.030750,0.031767,0.046200,0.033543,0.082294,0.067797,0.096216,0.077982,0.056818,0.046379,0.080645,0.070953,0.273885,0.041548,0.034557,0.022808,0.315789,0.150943,0.076336,0.031881,0.031780,0.055453
0.033682,0.068579,0.046484,0.037547,0.183030,0.049964,0.032120,0.039275,0.080808,0.067907,0.100642,0.056962,18.892041,0.384739,48.095866,0.030272,0.097182,0.040107,0.031712,0.091421,7.728848,0.103939,0.180085,0.393708,0.031646,0.035517,0.054088,0.089147,0.043854,0.290249,0.087442,0.027907,0.067524,0.049489,0.024281,0.085796,0.048860,0.024390,0.153094,0.035250,1.841463,0.038657,0.042032,0.048780,0.031431,0.132260,0.447953,0.031047,0.072435,0.110772,0.032609,0.035800,0.044148,0.077660,0.059052,0.335399,0.000000,0.019544,0.036101,0.186483,0.195027,0.044118,0.103448,0.091520,0.045593,0.057034,0.053456,0.180085,0.041349,2.373230,0.099685,2.046174,0.188634,0.138080,0.037607,0.021231,0.115466,0.078749,0.038898,0.039894,0.025532,0.020353,0.052669,0.055064,0.031994,0.059140,0.045389,0.071599,0.049850,0.030819,0.077058,0.035587,0.036810,0.447953,0.089222,0.023041,0.033404,48.061116,0.036855,0.055151,0.088993,0.067678,0.165829
0.043351,0.026478,0.041026,0.051327,0.025952,0.043224,0.086957,0.048338,0.068130,0.037696,0.037945,0.043841,0.046250,0.068528,0.049728,0.049924,0.033088,0.044486,0.053250,0.028791,0.043445,0.034538,0.033725,0.032609,0.050821,0.039424,0.039076,0.068232,0.024510,0.032648,0.060455,0.060455,0.041930,0.028055,0.060654,0.045652,0.059654,0.027546,0.042332,0.021292,0.161461,0.034247,0.032587,0.035526,0.053247,0.052657,0.025295,0.026224,0.033962,0.034221,0.069550,0.041061,0.022989,0.055075,0.035847,0.027744,0.019544,0.000000,0.049914,0.026549,0.045735,0.070318,0.029605,0.042707,0.034378,0.033929,0.056497,0.041569,0.084000,0.027076,0.056854,0.104683,0.041451,0.054849,0.057047,0.062500,0.035294,0.074722,0.049840,0.040628,0.029880,0.068144,0.017094,0.015369,0.059701,0.094679,0.058173,0.045338,0.043478,0.066496,0.117447,0.045145,0.026178,0.025295,0.047476,0.029394,0.042851,0.046575,0.094323,0.048762,0.025316,0.025253,0.032428
0.035582,0.088578,0.156652,0.117371,0.119469,0.122024,0.053476,0.087097,0.136143,0.143875,0.080214,0.092769,0.078125,0.043578,0.071990,0.121359,0.045732,0.093333,0.092496,0.174556,0.074013,0.079482,0.052539,0.140533,0.078261,0.050336,0.059242,0.072838,0.055654,0.096842,0.042735,0.121083,0.076786,0.047778,0.076342,0.066568,0.114620,0.079347,0.065693,0.053901,0.080169,0.062295,0.101430,0.036765,0.110048,0.039531,0.093361,0.147233,0.161031,0.147300,0.029791,0.064516,0.049917,0.167549,0.064551,0.087146,0.036101,0.049914,0.000000,0.171362,0.052516,0.081917,0.089461,0.112469,0.087719,0.072115,0.103933,0.052539,0.183150,0.074257,0.272414,0.077922,0.116740,0.140794,0.070188,0.090385,0.157618,0.424188,0.102207,0.118734,0.067332,0.039055,0.050428,0.054406,0.030896,0.067295,0.044335,0.118280,0.076190,0.050000,0.130039,0.144681,0.085973,0.093361,0.073246,0.121636,0.019828,0.089947,0.199546,0.302721,0.103950,0.070248,0.249196
0.036446,0.125945,0.057604,0.152284,0.114286,0.110656,0.056711,0.227891,0.051282,0.155224,0.085066,0.064194,0.196759,0.177381,0.184426,0.102389,0.125000,0.102041,0.055453,0.156863,0.274306,0.094303,0.213358,0.046584,0.079190,0.116009,0.112821,0.165869,0.058182,0.049020,0.116418,0.122388,0.147727,0.034562,0.058621,0.082298,0.138518,0.058182,0.155039,0.068351,0.111015,0.091696,0.094980,0.089286,0.042289,0.074963,0.240000,0.076531,0.076401,0.077720,0.030769,0.087760,0.210896,0.153271,0.096372,0.202032,0.186483,0.026549,0.171362,0.000000,0.071429,0.061789,0.080357,0.038168,0.106719,0.177083,0.036765,0.243043,0.305447,0.827957,0.197080,0.198300,0.374408,0.206897,0.114074,0.047619,0.083488,0.157088,0.121834,0.100865,0.038961,0.049579,0.098135,0.031022,0.052183,0.109705,0.067141,0.404157,0.117057,0.142512,0.094980,0.098174,0.570732,0.240000,0.064822,0.059086,0.145172,0.186464,0.073350,0.095324,0.211581,0.210177,0.091525
0.037673,0.033898,0.057484,0.071429,0.049559,0.043033,0.052114,0.049257,0.041938,0.050950,0.073746,0.040370,0.137574,60.526355,0.158197,0.158287,0.062050,0.140794,0.029155,0.086902,0.129699,0.135406,0.199611,0.130742,0.046557,0.077778,0.112756,0.059193,0.062343,0.124467,0.133851,0.112263,0.068898,0.028024,0.104976,0.111307,0.034325,0.044935,0.042829,0.181740,0.082876,0.125704,0.057959,0.085692,0.067337,0.034577,0.099147,0.029292,0.044568,0.028116,0.077239,0.042345,0.040681,0.064516,0.076642,217.685590,0.195027,0.045735,0.052516,0.071429,0.000000,0.067996,0.074686,0.128728,0.051282,0.034404,0.139555,0.141188,0.047904,0.386047,0.118726,0.053508,0.191209,0.062376,0.024483,0.038770,0.037975,0.084158,0.078967,0.083832,0.050874,0.043674,0.045123,0.035448,0.037842,0.081735,0.114888,0.100977,0.108656,0.056231,0.109388,0.075594,0.033408,0.099147,0.041643,0.038267,0.045708,0.163366,0.053512,0.175287,0.096051,0.232979,0.089054
0.081274,0.069579,0.045802,0.086179,0.081123,0.050125,0.040000,0.053152,0.054591,0.033670,0.109333,0.067245,0.035023,0.042413,0.086044,0.059480,0.075740,0.115248,0.148294,0.142315,0.074028,0.123288,0.072368,0.068208,0.039267,0.044321,0.137480,0.056604,0.060560,0.064091,0.059484,0.059484,0.121495,0.075298,0.032585,0.052023,0.067050,0.102294,0.074627,0.078300,0.072052,0.056320,0.055324,0.037811,0.029268,0.064952,0.141580,0.037469,0.037037,0.060000,0.031773,0.082569,0.105063,0.071429,0.034451,0.099368,0.044118,0.070318,0.081917,0.061789,0.067996,0.000000,0.029851,0.057597,0.063291,0.122314,0.116537,0.072368,0.040816,0.160202,0.039012,0.066202,0.082426,0.040377,0.042011,0.034988,0.063158,0.133244,0.045714,0.052817,0.049445,0.068217,0.034677,0.018649,0.045690,0.072961,0.052326,0.059633,0.052503,0.061010,0.093946,0.179059,0.148970,0.141580,0.028937,0.111807,0.032315,0.086772,0.111111,0.061776,0.100000,0.190193,0.036991
0.089631,0.054638,0.052184,0.038265,0.071605,0.043192,0.101197,0.055215,0.085128,0.132075,0.032644,0.057745,0.200957,0.101626,0.136364,0.049180,0.059172,0.095498,0.063373,0.061782,0.127329,0.187987,0.062433,0.442940,0.099678,0.066294,0.074359,0.058014,0.091946,0.084098,0.042453,0.073585,0.032680,0.042925,0.043871,0.062863,0.071723,0.037037,0.049669,0.042333,0.223590,0.049587,0.149068,0.051107,0.065327,0.078306,0.063095,0.063504,0.179775,0.054696,0.038828,0.114216,0.099062,0.116757,0.058176,0.073668,0.103448,0.029605,0.089461,0.080357,0.074686,0.029851,0.000000,204.143707,2.066874,0.081395,0.084112,0.067815,0.049779,0.169291,0.040512,0.117093,0.050493,0.080044,0.036207,0.064378,0.113025,0.118421,0.069729,0.070556,0.058621,0.063057,0.041164,0.023238,0.048157,0.043597,0.062637,0.052248,0.068826,0.044335,0.075421,0.071256,0.037500,0.045238,0.041088,0.023310,0.091929,0.137343,0.037547,0.031712,0.108462,0.099762,0.030612
0.052662,0.069708,0.082324,0.062341,0.083744,0.159357,0.062975,0.069388,0.039918,0.054614,0.068404,0.049405,0.158439,0.060065,0.102313,0.049080,0.052165,0.095238,0.040729,0.042980,0.070248,0.069922,0.056928,0.344595,0.083422,0.035885,0.038363,0.071639,0.062332,0.062595,0.049906,0.042373,0.068478,0.038095,0.072809,0.052124,0.047737,0.043550,0.055066,0.042254,0.193528,0.030928,0.055802,0.051020,0.044314,0.078216,0.076010,0.067055,0.066259,0.055613,0.098756,0.054545,0.098855,0.061489,0.051805,0.074335,0.091520,0.042707,0.112469,0.038168,0.128728,0.057597,204.143707,0.000000,1.460465,0.289948,0.109142,0.070892,0.091611,0.168848,0.082979,0.171812,0.111794,0.047046,0.063146,0.052143,0.105263,0.086433,0.073710,0.071719,0.067126,0.032854,0.038271,0.026703,0.078137,0.048051,0.045818,0.064242,0.065657,0.063934,0.065545,0.151807,0.079800,0.076010,0.044056,0.065943,0.035771,0.103047,0.056180,0.113924,0.105826,0.035545,0.108961
0.036565,0.191406,0.102389,0.071146,0.107527,0.029940,0.046392,0.087248,0.119369,0.177694,0.046392,0.101786,0.053942,0.051502,0.030457,0.143820,0.062112,0.193069,0.132500,0.181818,0.057471,0.048913,0.045226,0.067594,0.087065,0.076283,0.120482,0.061728,0.067779,0.057915,0.056711,0.056711,0.077519,0.061898,0.047105,0.035785,0.043988,0.026316,0.061333,0.056391,0.040514,0.041190,0.194631,0.054432,0.072398,0.044426,0.139159,0.035757,0.075893,0.077626,0.081535,0.267123,0.042056,0.063452,0.059379,0.046980,0.045593,0.034378,0.087719,0.106719,0.051282,0.063291,2.066874,1.460465,0.000000,0.102881,0.055659,0.120603,0.131367,0.077922,0.073710,0.084906,0.106762,0.078740,0.024814,0.034602,0.085427,0.065617,0.197674,0.160194,0.068362,0.032328,0.034169,0.034130,0.037594,0.043860,0.035629,0.167808,0.039387,0.080058,0.194631,0.084175,0.066914,0.058252,0.064947,0.039683,0.022388,0.030875,0.067164,0.130120,0.064935,0.064309,0.040089
0.036725,0.129199,0.103774,0.091146,0.129268,0.046584,0.057803,0.065744,0.128696,0.090909,0.057803,0.054993,0.085480,0.074699,0.041551,0.085069,0.192182,0.054054,0.073446,0.452703,0.095406,0.060120,0.056711,0.083596,0.082552,0.268779,0.223684,0.095624,0.034862,0.064978,0.080303,0.080303,0.102317,0.086247,0.069565,0.059937,0.060271,0.066258,0.094862,0.187029,0.046369,0.052817,0.041265,0.038760,0.073048,0.022659,0.040909,0.056701,0.051813,0.052724,0.331606,0.148936,0.053667,0.114286,0.034404,0.084475,0.057034,0.033929,0.072115,0.177083,0.034404,0.122314,0.081395,0.289948,0.102881,0.000000,0.067164,0.056711,0.069444,0.082873,0.046468,0.052478,0.169903,0.162109,0.028358,0.043086,0.056711,0.076172,0.152625,0.089021,0.069737,0.041549,0.078295,0.048579,0.079656,0.106990,0.049332,0.264775,0.132653,0.183374,0.066025,0.081776,0.160000,0.040909,0.039841,0.050733,0.020394,0.042017,0.195489,0.054945,0.086560,0.085973,0.117241
0.039925,0.137628,0.059722,0.077941,0.182720,0.034073,0.100613,0.034325,0.034443,0.071130,0.180368,0.091185,0.173043,0.055950,0.076621,0.149083,0.038462,0.076312,0.042322,0.050676,0.097448,0.226415,0.054545,0.056989,0.085645,0.078397,0.106509,0.087623,0.071429,0.065615,0.031381,0.055439,0.060197,0.198440,0.031120,0.078495,0.027051,0.058506,0.073566,0.096976,0.059069,0.034722,0.029326,0.074766,0.062385,0.041975,0.995924,0.041864,0.171429,0.173410,0.063442,0.073713,0.088889,0.079172,0.053938,0.145051,0.053456,0.056497,0.103933,0.036765,0.139555,0.116537,0.084112,0.109142,0.055659,0.067164,0.000000,0.054545,0.141250,0.091185,0.053957,0.139280,1.416667,0.115099,0.069682,0.051777,0.181818,0.080446,0.091480,0.104265,0.050189,0.123985,0.088889,0.050444,0.043265,0.043129,0.038613,0.082058,0.076923,0.119390,0.052786,0.052486,0.061782,0.995924,0.045132,0.055790,0.033390,0.072277,0.043165,0.122328,0.040816,0.040650,0.071918
0.054720,0.079336,0.174439,0.055659,0.093805,0.110616,0.056380,0.090041,0.058904,0.204908,0.066766,0.100473,0.224975,0.136041,0.315849,0.114911,0.039012,0.129098,0.062682,0.066519,0.642164,0.151376,230.182749,0.057034,0.043605,0.077458,0.056075,0.110104,0.103614,0.169332,0.060123,0.060123,0.044577,0.065153,0.040613,0.079848,0.098140,0.030928,0.099849,0.041565,0.087827,0.047026,0.146259,0.202368,0.095890,0.208925,0.159664,0.086222,0.089918,0.124309,0.042857,0.084775,0.060224,0.136765,0.046738,0.052376,0.180085,0.041569,0.052539,0.243043,0.141188,0.072368,0.067815,0.070892,0.120603,0.056711,0.054545,0.000000,0.127466,1.588008,0.064935,2.244980,0.112875,0.131934,0.060201,0.091934,0.131579,0.109445,0.074949,0.079268,0.080874,0.043657,0.045533,0.023107,0.080258,0.061916,0.097518,0.112457,0.644684,0.044193,0.351474,0.077187,0.113514,0.159664,0.060993,0.043186,0.122386,0.318757,0.068592,0.085592,0.149832,0.097152,0.073469
0.087683,0.067698,0.054152,0.132296,0.137037,0.054745,0.046225,0.146893,0.063830,0.106329,0.143297,0.131547,0.045732,0.055208,0.140845,0.075071,0.084677,0.136069,0.065053,0.070423,0.077586,0.108108,0.127466,0.089005,1.533937,0.030550,0.058824,0.073628,0.072131,0.170520,0.144304,0.092405,0.069444,0.038462,0.029687,0.160995,0.090138,0.045503,0.070755,0.056747,0.035350,0.189112,0.114352,0.108407,0.089827,0.185695,0.084211,0.040909,0.112835,0.098712,0.048402,0.099458,0.055152,0.270229,0.199601,0.029821,0.041349,0.084000,0.183150,0.305447,0.047904,0.040816,0.049779,0.091611,0.131367,0.069444,0.141250,0.127466,0.000000,0.069106,0.064371,0.063425,0.119926,0.269470,0.098639,0.053191,0.104704,0.275701,0.076923,0.038544,0.033708,0.057191,0.042142,0.460208,0.028329,0.072202,0.287398,0.173599,0.174095,0.071730,0.114352,0.204301,0.135849,0.084211,0.068592,0.047198,0.061212,0.139810,0.119093,0.088757,0.200351,0.075175,0.063380
0.034749,0.080000,0.084951,0.220430,0.075377,0.066038,0.059172,0.053004,0.085258,0.174383,0.124260,0.044183,1.363420,0.444988,1.253521,0.115248,0.049834,0.077882,0.082852,0.105634,3.532491,0.092402,1.588008,0.536977,0.084453,0.082143,0.119565,0.175207,0.097403,0.635045,0.054012,0.074074,0.320158,0.074468,0.037786,0.255627,0.056180,0.136986,0.143725,0.119816,0.304156,0.088129,0.145455,0.111549,0.127877,0.032774,0.584112,0.091858,0.451499,0.080790,0.031480,0.085158,0.054845,0.442495,0.034884,0.326389,2.373230,0.027076,0.074257,0.827957,0.386047,0.160202,0.169291,0.168848,0.077922,0.082873,0.091185,1.588008,0.069106,0.000000,0.150190,56.317221,1.705000,0.188000,0.120482,0.044625,0.087041,0.454000,0.059480,0.092308,0.080214,0.050621,0.078235,0.077419,0.058888,0.120464,0.140479,0.060827,0.147569,0.054591,0.088112,0.093750,0.097938,0.584112,0.031376,0.060571,0.186429,1.336182,0.046512,0.056180,0.088993,0.088372,0.221831
0.070020,0.079855,0.105442,0.098540,0.149826,0.066372,0.077599,0.156334,0.086604,0.065534,0.049780,0.073684,0.121807,0.063380,0.124153,0.040541,0.088689,0.076459,0.097842,0.186957,0.164384,0.072398,0.177489,0.080201,0.068867,0.113189,0.136029,0.087068,0.071770,0.111007,0.076456,0.076456,0.063050,0.067515,0.052511,0.056391,0.030706,0.043922,0.088060,0.051995,0.102525,0.121585,0.059484,0.067164,0.081420,0.079301,0.124172,0.039683,0.071332,0.040928,0.055802,0.051107,0.107884,0.069666,0.074324,0.088462,0.099685,0.056854,0.272414,0.197080,0.118726,0.039012,0.040512,0.082979,0.073710,0.046468,0.053957,0.064935,0.064371,0.150190,0.000000,0.216963,0.052083,0.159763,0.095745,0.025818,0.043290,0.071006,0.060020,0.049900,0.048701,0.036795,0.038363,0.034101,0.090576,0.034682,0.039578,0.102215,0.083777,0.054990,0.033670,0.076014,0.086879,0.124172,0.037350,0.042816,0.033028,0.125285,0.076377,0.063380,0.074627,0.112211,0.123656
0.029781,0.154494,0.089059,0.084986,0.166227,0.074866,0.061475,0.115174,0.099265,0.163752,0.469262,0.246970,0.364520,0.256571,0.778582,0.078899,0.051458,0.241722,0.106000,0.113208,2.373832,0.102564,2.244980,0.444444,0.119522,0.036541,0.137536,0.162116,0.088763,0.079818,0.117647,0.117647,0.051335,0.064087,0.038427,0.056385,0.038363,0.048469,0.132632,0.087025,0.040468,0.055866,0.178161,0.139973,0.058978,0.037123,0.110024,0.040469,0.082117,0.083643,0.046039,0.089286,0.056818,0.060729,0.074911,0.267456,2.046174,0.104683,0.077922,0.198300,0.053508,0.066202,0.117093,0.171812,0.084906,0.052478,0.139280,2.244980,0.063425,56.317221,0.216963,0.000000,0.325459,0.062370,0.043545,0.059979,0.090361,0.145530,0.067259,0.114379,0.082305,0.080739,0.030675,0.066946,0.070156,0.079104,0.063694,0.109694,0.123878,0.038119,0.076149,0.506297,0.102981,0.110024,0.031863,0.080607,0.107639,0.787701,0.081522,0.058252,0.132353,0.131387,0.081967
0.033457,0.058824,0.075758,0.104265,0.151786,0.093625,0.070018,0.107143,0.137031,0.148997,0.414722,0.041152,0.181614,0.104839,0.175000,0.342020,0.065951,0.142857,0.093146,0.113772,0.269868,0.184358,0.112875,0.285714,0.145359,0.076404,0.105263,0.106870,0.065603,0.051797,0.075931,0.075931,0.070144,0.033482,0.049663,0.224702,0.052879,0.052755,0.045956,0.048502,0.109229,0.079208,0.049673,0.104680,0.046875,0.022026,3.631799,0.034722,0.191248,0.120264,0.087737,0.151844,0.073702,0.191829,0.052747,0.190372,0.188634,0.041451,0.116740,0.374408,0.191209,0.082426,0.050493,0.111794,0.106762,0.169903,1.416667,0.112875,0.119926,1.705000,0.052083,0.325459,0.000000,0.096364,0.050798,0.036680,0.128748,0.150909,0.091015,0.080000,0.091479,0.041021,0.050621,0.055405,0.050672,0.083897,0.072206,0.184382,0.086262,0.197430,0.039216,0.064378,0.068493,3.631799,0.040217,0.048649,0.090789,0.176862,0.098398,0.066781,0.073375,0.110417,0.142395
0.031142,0.083810,0.094306,0.239464,0.125912,0.086051,0.045662,0.103352,0.103787,0.137845,0.045662,0.036188,0.103831,0.098140,0.125581,0.042017,0.170213,0.063694,0.067265,0.135945,0.149148,0.102041,0.131934,0.075130,0.044709,0.048485,0.048263,0.071523,0.036645,0.056405,0.141604,0.100251,0.057927,0.030120,0.034938,0.038860,0.071504,0.046170,0.211180,0.037453,0.062451,0.035411,0.097110,0.049342,0.115880,0.158687,0.216263,0.047834,0.108787,0.114569,0.075249,0.078431,0.100430,0.067873,0.084158,0.117357,0.138080,0.054849,0.140794,0.206897,0.062376,0.040377,0.080044,0.047046,0.078740,0.162109,0.115099,0.131934,0.269470,0.188000,0.159763,0.062370,0.096364,0.000000,0.055480,0.068662,0.121439,0.069231,0.226750,0.073684,0.094655,0.040100,0.046207,0.027155,0.040300,0.057211,0.043204,0.121212,0.101928,0.180962,0.079769,0.067138,0.055762,0.216263,0.043073,0.046829,0.065258,0.126761,0.137803,0.070175,0.176776,0.175862,0.059889
0.078751,0.039172,0.129496,0.046667,0.154070,0.050725,0.039057,0.044689,0.073329,0.039975,0.032323,0.079059,0.062637,0.057350,0.034953,0.073281,0.028481,0.033102,0.028724,0.059429,0.073760,0.029352,0.071572,0.046875,0.056704,0.048405,0.054978,0.053696,0.029183,0.031483,0.102091,0.234317,0.060647,0.031798,0.056238,0.036875,0.073637,0.047726,0.030571,0.039288,0.055951,0.029335,0.050207,0.070115,0.025568,0.019651,0.041252,0.111570,0.050485,0.029316,0.088037,0.056156,0.036066,0.191818,0.094668,0.048860,0.037607,0.057047,0.070188,0.114074,0.024483,0.042011,0.036207,0.063146,0.024814,0.028358,0.069682,0.060201,0.098639,0.120482,0.095745,0.043545,0.050798,0.055480,0.000000,0.075866,0.020067,0.098106,0.081793,0.026861,0.026072,0.026667,0.066835,0.034307,0.033773,0.070786,0.038164,0.082073,0.092021,0.057735,0.098051,0.048780,0.043192,0.088193,0.026565,0.029142,0.026672,0.038095,0.057143,0.093254,0.032028,0.063210,0.072445
0.074055,0.029674,0.042939,0.052579,0.046422,0.045283,0.041995,0.056572,0.037531,0.042056,0.063867,0.045627,0.042625,0.030949,0.022288,0.090833,0.064620,0.060606,0.158442,0.057609,0.025210,0.083704,0.091934,0.054054,0.032844,0.032520,0.029880,0.148268,0.031505,0.034595,0.062305,0.062305,0.037653,0.032389,0.025366,0.085851,0.037578,0.045170,0.061947,0.069930,0.035654,0.049497,0.082902,0.049356,0.065585,0.027721,0.132519,0.217064,0.056525,0.050293,0.052863,0.042025,0.068470,0.065274,0.039439,0.020000,0.021231,0.062500,0.090385,0.047619,0.038770,0.034988,0.064378,0.052143,0.034602,0.043086,0.051777,0.091934,0.053191,0.044625,0.025818,0.059979,0.036680,0.068662,0.075866,0.000000,0.052038,0.026408,0.047124,0.035380,0.050578,0.044563,0.045928,0.026372,0.062460,0.033962,0.033813,0.130850,0.037129,0.051318,0.071058,0.065589,0.052734,0.132519,0.023949,0.049636,0.021480,0.022422,0.058651,0.038462,0.065851,0.065666,0.068937
0.032832,0.090406,0.051813,0.046382,0.053097,0.100803,0.065282,0.040928,0.041096,0.122699,0.360534,0.044917,0.053518,0.038579,0.279361,0.061560,0.039012,0.061475,0.077259,0.066519,0.067961,0.133028,0.131579,0.079848,0.122093,0.082423,0.089720,0.056995,0.056225,0.075259,0.053988,0.036810,0.096582,0.065153,0.029119,0.067174,0.030992,0.046392,0.045386,0.090465,0.048536,0.087137,0.184807,0.134553,0.047418,0.029074,0.191597,0.044444,149.110354,227.511050,0.103571,0.147059,0.042017,0.063235,0.061344,0.036857,0.115466,0.035294,0.157618,0.083488,0.037975,0.063158,0.113025,0.105263,0.085427,0.056711,0.181818,0.131579,0.104704,0.087041,0.043290,0.090361,0.128748,0.121439,0.020067,0.052038,0.000000,0.151424,0.074949,0.060976,0.032787,0.039539,0.079897,0.020539,0.039668,0.044393,0.074468,0.051903,0.092867,0.100719,0.145125,0.051458,0.086486,0.191597,0.031915,0.046065,0.042435,0.281933,0.108303,0.097004,0.082492,0.206030,0.136054
0.031142,0.104762,0.053381,0.057471,0.124088,0.076993,0.045662,0.090782,0.165498,0.075188,0.057839,0.079614,0.045363,0.044421,0.080233,0.081232,0.070479,0.087049,0.044843,0.101382,0.096591,0.139717,0.109445,0.116580,0.259314,0.065657,0.057915,0.158940,0.184039,0.232314,0.066416,0.066416,0.059451,0.053213,0.077640,0.126943,0.182965,0.031480,0.046584,0.078652,0.062451,0.113314,0.067052,0.169956,0.051502,0.064979,0.110727,0.043321,0.092050,0.142857,0.053490,0.085561,0.068867,163.684766,0.068317,0.094675,0.078749,0.074722,0.424188,0.157088,0.084158,0.133244,0.118421,0.086433,0.065617,0.076172,0.080446,0.109445,0.275701,0.454000,0.071006,0.145530,0.150909,0.069231,0.098106,0.026408,0.151424,0.000000,0.047022,0.122105,0.093541,0.035923,0.037489,0.038793,0.075914,0.191895,0.040504,0.832442,0.092287,0.155858,0.067052,0.183746,0.137546,0.110727,0.066762,0.041951,0.052206,0.122066,0.098696,0.214912,0.204506,0.074138,0.132312
0.025685,0.036058,0.044879,0.088058,0.126316,0.077959,0.044606,0.037146,0.044118,0.062443,0.066390,0.116197,0.053118,0.035294,0.049700,0.093046,0.050992,0.070694,0.038934,0.067476,0.090999,0.056144,0.074949,0.063021,0.030675,0.034695,0.064242,0.095104,0.057980,0.133038,0.070588,0.126697,0.092420,0.072909,0.042633,0.041705,0.046105,0.046825,0.031546,0.043321,0.059824,0.044423,0.088737,0.073831,0.075868,0.041832,0.050847,0.090459,0.029297,0.071992,0.055319,0.082949,0.114542,0.152577,0.057707,0.034065,0.038898,0.049840,0.102207,0.121834,0.078967,0.045714,0.069729,0.073710,0.197674,0.152625,0.091480,0.074949,0.076923,0.059480,0.060020,0.067259,0.091015,0.226750,0.081793,0.047124,0.074949,0.047022,0.000000,0.056266,0.052282,0.031915,0.033012,0.044918,0.050218,0.088133,0.062059,0.178571,0.087125,0.023753,0.053754,0.034364,0.136095,0.131073,0.026471,0.078829,0.053758,0.050043,0.118483,0.102926,0.059955,0.130778,0.083902
0.111811,0.202857,0.098191,0.051873,0.067024,0.051668,0.062241,0.046211,0.120818,0.070626,0.091286,0.105505,0.047736,0.047919,0.091971,0.178108,0.083189,0.060811,0.068826,0.096525,0.056711,0.064935,0.054878,0.065327,0.060484,0.058896,0.125364,0.051724,0.050332,0.074627,0.062600,0.062600,0.062370,0.036541,0.026954,0.041876,0.046392,0.061697,0.102345,0.078275,0.034358,0.073446,0.043478,0.051560,0.046235,0.023310,0.111663,0.032154,0.064576,0.056391,0.032328,0.160622,0.034483,0.118852,0.041916,0.083433,0.039894,0.040628,0.118734,0.100865,0.083832,0.052817,0.070556,0.071719,0.160194,0.089021,0.104265,0.079268,0.038544,0.092308,0.049900,0.114379,0.080000,0.073684,0.026861,0.035380,0.060976,0.122105,0.056266,0.000000,0.060858,0.110568,0.030864,0.013986,0.131166,0.058735,0.032051,0.064767,0.054446,0.080666,0.056522,0.076726,0.049587,0.111663,0.039409,0.035294,0.030683,0.057607,0.096685,0.076621,0.044776,0.074074,0.071823
0.070289,0.058215,0.071605,0.038961,0.056533,0.062870,0.033149,0.152490,0.046826,0.152008,0.108287,0.069638,0.042742,0.037007,0.048736,0.044699,0.030000,0.101530,0.046892,0.063050,0.075630,0.152542,0.075410,0.076471,0.041349,0.034733,0.124021,0.087737,0.030488,0.045595,0.043021,0.045889,0.054204,0.063505,0.148438,0.135294,0.065054,0.085762,0.089686,0.097235,0.044474,0.081761,0.056604,0.062931,0.113559,0.031579,0.064165,0.040560,0.031088,0.031414,0.048113,0.037083,0.031746,0.142700,0.030207,0.065769,0.025532,0.029880,0.067332,0.038961,0.050874,0.049445,0.058621,0.067126,0.068362,0.069737,0.050189,0.080874,0.033708,0.080214,0.048701,0.082305,0.091479,0.094655,0.026072,0.050578,0.032787,0.093541,0.052282,0.060858,0.000000,0.036678,0.032258,0.036994,0.047909,0.172953,0.046358,0.244747,0.046201,0.039867,0.097934,0.108108,0.044529,0.064165,0.027422,0.082482,0.058697,0.049091,0.048408,0.032189,0.109091,0.051932,0.072464
0.022590,0.055970,0.043282,0.101029,0.027397,0.087826,0.090532,0.068092,0.035714,0.043123,0.028239,0.032703,0.027940,0.029703,0.038380,0.038065,0.073133,0.061886,0.037007,0.039755,0.023981,0.053209,0.043657,0.090978,0.024631,0.055303,0.036620,0.029186,0.050704,0.033898,0.033457,0.052788,0.060682,0.047959,0.026158,0.028810,0.051402,0.035333,0.044500,0.065282,0.024617,0.081405,0.046034,0.081563,0.064233,0.046292,0.026667,0.025982,0.061709,0.038278,0.060606,0.061372,0.031350,0.109091,0.098908,0.030750,0.020353,0.068144,0.039055,0.049579,0.043674,0.068217,0.063057,0.032854,0.032328,0.041549,0.123985,0.043657,0.057191,0.050621,0.036795,0.080739,0.041021,0.040100,0.026667,0.044563,0.039539,0.035923,0.031915,0.110568,0.036678,0.000000,365.815821,0.031392,0.036555,0.031025,0.062726,0.052347,0.087196,0.045243,0.080737,0.047619,0.032258,0.055111,0.047938,357.277354,0.045918,0.038599,0.027675,0.047116,0.048043,0.026619,0.109881
0.023172,0.029354,0.035883,0.105986,0.036364,0.042473,0.110919,0.024732,0.024793,0.061776,0.041594,0.087481,0.042310,0.030717,0.047900,0.064410,0.034428,0.065083,0.132075,0.032223,0.037469,0.046737,0.045533,0.037825,0.053938,0.020175,0.042365,0.059904,0.049275,0.058328,0.041699,0.054826,0.076323,0.042197,0.030252,0.088258,0.043508,0.036552,0.099036,0.058552,0.025309,0.024938,0.073421,0.064585,0.066480,0.057682,0.058605,0.033022,0.064250,0.077243,0.066250,0.064272,0.032663,0.037069,0.029861,0.031767,0.052669,0.017094,0.050428,0.098135,0.045123,0.034677,0.041164,0.038271,0.034169,0.078295,0.088889,0.045533,0.042142,0.078235,0.038363,0.030675,0.050621,0.046207,0.066835,0.045928,0.079897,0.037489,0.033012,0.030864,0.032258,365.815821,0.000000,0.020944,0.037084,0.048653,0.059080,0.070888,0.036795,0.078458,0.038913,0.028222,0.042512,0.058605,0.041799,318.170828,0.028015,0.022239,0.029014,0.038103,0.046555,0.046425,0.043621
0.018941,0.013667,0.020161,0.031478,0.080252,0.058399,0.031801,0.018860,0.018884,0.032415,0.068328,0.039616,0.026296,0.034117,0.051383,0.083054,0.048720,0.034096,0.024797,0.042776,0.032856,0.041179,0.023107,0.018428,0.024776,0.022556,0.033364,0.018557,0.022774,0.023196,0.102512,0.057131,0.044282,0.030008,0.042258,0.018428,0.077451,0.067099,0.027226,0.038851,0.075906,0.031566,0.017751,0.038730,0.062644,0.045658,0.021797,0.019438,0.031001,0.031132,0.055536,0.034962,0.035910,0.038577,0.020149,0.046200,0.055064,0.015369,0.054406,0.031022,0.035448,0.018649,0.023238,0.026703,0.034130,0.048579,0.050444,0.023107,0.460208,0.077419,0.034101,0.066946,0.055405,0.027155,0.034307,0.026372,0.020539,0.038793,0.044918,0.013986,0.036994,0.031392,0.020944,0.000000,0.016441,0.021124,0.038835,0.030928,0.039649,0.035415,0.017751,0.037120,0.042120,0.021352,0.019262,0.021892,0.019213,0.051546,0.037155,0.028037,0.041389,0.057333,0.030988
0.024168,0.072187,0.039837,0.031949,0.086010,0.031558,0.083799,0.055605,0.042478,0.037037,0.040037,0.034510,0.052520,0.056318,0.023493,0.095491,0.079555,0.059685,0.058011,0.131610,0.047279,0.069260,0.080258,0.025231,0.048713,0.031983,0.078075,0.083618,0.072948,0.134655,0.024691,0.024691,0.041938,0.048125,0.031672,0.072330,0.053363,0.045985,0.073516,0.031199,0.072438,0.075690,0.023401,0.058691,0.065975,0.023949,0.098492,0.034754,0.037919,0.038256,0.031579,0.066462,0.071813,0.044444,0.047652,0.033543,0.031994,0.059701,0.030896,0.052183,0.037842,0.045690,0.048157,0.078137,0.037594,0.079656,0.043265,0.080258,0.028329,0.058888,0.090576,0.070156,0.050672,0.040300,0.033773,0.062460,0.039668,0.075914,0.050218,0.131166,0.047909,0.036555,0.037084,0.016441,0.000000,0.046975,0.024869,0.038855,0.065617,0.067735,0.056942,0.098678,0.031414,0.098492,0.071823,0.029820,0.092300,0.023641,0.064990,0.039055,0.107646,0.030090,0.090749
0.064871,0.042017,0.182423,0.144866,0.059701,0.034803,0.112293,0.057459,0.073171,0.120567,0.069740,0.053045,0.076207,0.089023,0.084843,0.115172,0.031881,0.118182,0.074592,0.048154,0.071669,0.036320,0.061916,0.046826,0.084884,0.134012,0.062235,0.132415,0.031757,0.085020,0.089159,0.089159,0.044970,0.048945,0.127285,0.046826,0.057895,0.033275,0.051621,0.064646,0.046939,0.094972,0.163188,0.043597,0.042819,0.053301,0.089961,0.101773,0.041943,0.042411,0.034830,0.080000,0.054176,0.153756,0.031693,0.082294,0.059140,0.094679,0.067295,0.109705,0.081735,0.072961,0.043597,0.048051,0.043860,0.106990,0.043129,0.061916,0.072202,0.120464,0.034682,0.079104,0.083897,0.057211,0.070786,0.033962,0.044393,0.191895,0.088133,0.058735,0.172953,0.031025,0.048653,0.021124,0.046975,0.000000,0.037692,0.040000,0.128962,0.047162,0.042694,0.083444,0.110041,0.089961,0.028445,0.043657,0.051724,0.066282,0.141873,0.072165,0.084856,0.044213,0.101433
0.041973,0.053753,0.046921,0.043744,0.063429,0.044089,0.122540,0.097706,0.070698,0.042891,0.061717,0.093798,0.033035,0.047586,0.086298,0.038298,0.043693,0.055794,0.038053,0.103911,0.143348,0.091075,0.048759,0.133820,0.037986,0.033081,0.049030,0.051809,0.026643,0.039151,0.058777,0.058777,0.047449,0.097461,0.048599,0.100568,0.220963,0.049505,0.099548,0.035658,0.069460,0.092545,0.092760,0.069192,0.123475,0.035361,0.028874,0.028681,0.025467,0.025685,0.106777,0.046967,0.086356,0.065836,0.059143,0.067797,0.045389,0.058173,0.044335,0.067141,0.114888,0.052326,0.062637,0.045818,0.035629,0.049332,0.038613,0.097518,0.287398,0.140479,0.039578,0.063694,0.072206,0.043204,0.038164,0.033813,0.074468,0.040504,0.062059,0.032051,0.046358,0.062726,0.059080,0.038835,0.024869,0.037692,0.000000,0.042074,0.069082,0.072689,0.095777,0.107108,0.053053,0.028874,0.097627,0.032301,0.021739,0.093679,0.073146,0.039301,0.070328,0.041306,0.038168
0.043510,0.135321,0.116279,0.224018,0.204793,0.206897,0.119718,0.127592,0.134615,0.090268,0.066901,0.060811,0.066445,0.034130,0.160830,0.048000,0.079940,0.078534,0.134483,0.159420,0.112195,0.054745,0.112457,0.165447,0.077320,0.059933,0.123543,0.090090,0.096576,0.044932,0.197461,0.067701,0.141093,0.033076,0.048374,0.087848,0.121810,0.052083,0.172973,0.063202,0.037752,0.141005,0.095361,0.054678,0.087782,0.096868,0.284254,0.047105,0.047771,0.055016,0.056213,0.158898,0.085526,0.925087,0.062975,0.096216,0.071599,0.045338,0.118280,0.404157,0.100977,0.059633,0.052248,0.064242,0.167808,0.264775,0.082058,0.112457,0.173599,0.060827,0.102215,0.109694,0.184382,0.121212,0.082073,0.130850,0.051903,0.832442,0.178571,0.064767,0.244747,0.052347,0.070888,0.030928,0.038855,0.040000,0.042074,0.000000,0.114600,0.086505,0.069588,0.268344,0.106904,0.284254,0.057515,0.032051,0.025000,0.078637,0.120536,0.115966,0.131148,0.130346,0.100159
0.038133,0.096506,0.047022,0.197324,0.060897,0.176271,0.085948,0.056818,0.048162,0.426773,0.040928,0.075138,0.028090,0.133142,0.120726,0.056962,0.064010,0.054845,0.060403,0.127451,0.038462,0.053296,0.569314,0.051887,0.084337,0.028143,0.107744,0.125150,0.091258,0.191622,0.121281,0.121281,0.040984,0.049440,0.079912,0.102594,0.072055,0.036929,0.083333,0.075257,0.057480,0.061381,0.114772,0.256073,0.117063,0.051365,0.065749,0.092061,0.087011,0.088123,0.040712,0.061224,0.068564,0.060893,0.044199,0.077982,0.049850,0.043478,0.076190,0.117057,0.108656,0.052503,0.068826,0.065657,0.039387,0.132653,0.076923,0.644684,0.174095,0.147569,0.083777,0.123878,0.086262,0.101928,0.092021,0.037129,0.092867,0.092287,0.087125,0.054446,0.046201,0.087196,0.036795,0.039649,0.065617,0.128962,0.069082,0.114600,0.000000,0.117248,0.175345,0.066978,0.102606,0.065749,0.091219,0.100817,0.062315,0.121767,0.120718,0.275000,0.113323,0.112805,0.066751
0.044546,0.096270,0.034562,0.036232,0.070258,0.101418,0.044652,0.058708,0.121688,0.172101,0.096573,0.055507,0.023112,0.037677,0.036878,0.099020,0.035917,0.074646,0.038974,0.108108,0.139604,0.095440,0.044193,0.039889,0.075742,0.067901,0.078883,0.108388,0.205346,0.053994,0.043478,0.061594,0.066528,0.052995,0.028231,0.125232,0.155131,0.023828,0.073684,0.094851,0.050410,0.053360,0.059778,0.064860,0.046850,0.029977,0.184389,0.056577,0.095797,0.096742,0.124911,0.078431,0.052841,0.137255,0.034195,0.056818,0.030819,0.066496,0.050000,0.142512,0.056231,0.061010,0.044335,0.063934,0.080058,0.183374,0.119390,0.044193,0.071730,0.054591,0.054990,0.038119,0.197430,0.180962,0.057735,0.051318,0.100719,0.155858,0.023753,0.080666,0.039867,0.045243,0.078458,0.035415,0.067735,0.047162,0.072689,0.086505,0.117248,0.000000,0.038429,0.072248,0.053318,0.184389,0.037669,0.041322,0.032898,0.037133,0.035587,0.048485,0.050963,0.050790,0.070312
0.063253,0.064865,0.083655,0.088195,0.039318,0.066717,0.066514,0.080559,0.106681,0.209279,0.081422,0.051724,0.077879,0.048183,0.044651,0.079656,0.049638,0.043732,0.124434,0.058552,0.048966,0.073944,0.351474,0.044580,0.088036,0.039834,0.072306,0.070103,0.056826,0.093577,0.207305,0.207305,0.073479,0.037159,0.049235,0.119554,0.054031,0.053938,0.061700,0.057087,0.061497,0.057546,192.306481,0.672582,0.064516,0.047704,0.044136,0.028723,0.137339,0.138829,0.047800,0.069588,0.047149,0.088838,0.071837,0.046379,0.077058,0.117447,0.130039,0.094980,0.109388,0.093946,0.075421,0.065545,0.194631,0.066025,0.052786,0.351474,0.114352,0.088112,0.033670,0.076149,0.039216,0.079769,0.098051,0.071058,0.145125,0.067052,0.053754,0.056522,0.097934,0.080737,0.038913,0.017751,0.056942,0.042694,0.095777,0.069588,0.175345,0.038429,0.000000,0.138284,0.039841,0.044136,0.078980,0.091935,0.059211,0.044986,0.039894,0.075640,0.161616,0.066667,0.032154
0.057311,0.136054,0.125523,0.123288,0.064655,0.044118,0.109948,0.300633,0.047695,0.214286,0.092496,0.071141,0.077093,0.073529,0.055412,0.047619,0.056886,0.077519,0.167521,0.291429,0.085484,0.153707,0.077187,0.055233,0.195911,0.041943,0.207373,0.178838,0.039336,0.056133,0.126050,0.119048,0.648601,0.058114,0.058140,0.119186,0.083045,0.080552,0.053571,0.080893,0.070175,0.186495,0.230474,0.119565,0.062500,0.058055,0.060729,0.090820,0.047393,0.048154,0.053974,0.079665,0.061990,0.179620,0.092873,0.080645,0.035587,0.045145,0.144681,0.098174,0.075594,0.179059,0.071256,0.151807,0.084175,0.081776,0.052486,0.077187,0.204301,0.093750,0.076014,0.506297,0.064378,0.067138,0.048780,0.065589,0.051458,0.183746,0.034364,0.076726,0.108108,0.047619,0.028222,0.037120,0.098678,0.083444,0.107108,0.268344,0.066978,0.072248,0.138284,0.000000,0.103524,0.060729,0.058824,0.041445,0.045246,0.055990,0.183223,0.050000,0.202840,0.088710,0.089905
0.044261,0.157385,0.066667,0.141463,0.227064,0.060484,0.055046,0.079470,0.049917,0.078717,0.078899,0.087866,0.075000,0.056075,0.090909,0.063123,0.137500,0.097493,0.044883,0.279503,0.064189,0.057143,0.113514,0.045455,0.082290,0.034169,0.152709,0.139969,0.096774,0.046039,0.043732,0.122449,0.115809,0.082579,0.065476,0.072727,0.057211,0.063020,0.124060,0.100145,0.053892,0.089226,0.039841,0.060000,0.036585,0.033333,0.180258,0.030120,0.074380,0.080672,0.043391,0.247216,0.066667,0.054446,0.153675,0.070953,0.036810,0.026178,0.085973,0.570732,0.033408,0.148970,0.037500,0.079800,0.066914,0.160000,0.061782,0.113514,0.135849,0.097938,0.086879,0.102981,0.068493,0.055762,0.043192,0.052734,0.086486,0.137546,0.136095,0.049587,0.044529,0.032258,0.042512,0.042120,0.031414,0.110041,0.053053,0.106904,0.102606,0.053318,0.039841,0.103524,0.000000,0.180258,0.023419,0.065717,0.035404,0.091892,0.070588,0.078671,50.662366,45.611111,0.049505
0.032775,0.139073,0.091837,0.086667,0.063025,0.162791,0.256410,0.082298,0.046802,0.185950,0.073504,0.077939,0.497826,0.400670,0.328680,0.269470,0.044118,0.250627,0.080402,0.082873,0.515823,0.076106,0.339496,0.118571,0.056761,0.084967,0.056054,0.115666,0.097751,0.193018,0.041322,0.067493,0.125000,0.074675,0.086349,0.170000,0.083049,0.054484,0.118881,0.041152,0.235732,0.078864,0.081967,0.086905,0.056977,0.143165,183.059289,0.028958,0.069767,0.179528,0.043647,0.071575,0.068800,0.108291,0.047974,0.273885,0.447953,0.025295,0.093361,0.240000,0.099147,0.141580,0.045238,0.076010,0.058252,0.040909,0.995924,0.159664,0.084211,0.584112,0.124172,0.110024,3.631799,0.216263,0.088193,0.132519,0.191597,0.110727,0.131073,0.111663,0.064165,0.055111,0.058605,0.021352,0.098492,0.089961,0.028874,0.284254,0.065749,0.184389,0.044136,0.060729,0.180258,0.000000,0.022710,0.031480,0.029278,0.751282,0.286022,0.078431,0.116832,0.116142,0.046440
0.036563,0.063091,0.041379,0.051383,0.052672,0.034109,0.048571,0.050720,0.074863,0.074627,0.045000,0.036896,0.050720,0.064290,0.048659,0.032944,0.038796,0.053542,0.044618,0.038233,0.040774,0.071014,0.060993,0.058086,0.026874,0.083093,0.034100,0.028705,0.022831,0.079933,0.035691,0.024659,0.034310,0.017251,0.039389,0.038284,0.026564,0.037736,0.038933,0.064767,0.035573,0.041408,0.067164,0.071299,0.028657,0.071655,0.022710,0.100486,0.030822,0.031034,0.024377,0.032975,0.020833,0.052632,0.033086,0.041548,0.089222,0.047476,0.073246,0.064822,0.041643,0.028937,0.041088,0.044056,0.064947,0.039841,0.045132,0.060993,0.068592,0.031376,0.037350,0.031863,0.040217,0.043073,0.026565,0.023949,0.031915,0.066762,0.026471,0.039409,0.027422,0.047938,0.041799,0.019262,0.071823,0.028445,0.097627,0.057515,0.091219,0.037669,0.078980,0.058824,0.023419,0.022710,0.000000,0.025452,0.019133,0.048903,0.058594,0.031535,0.022727,0.036281,0.050650
0.024725,0.066667,0.040555,0.120401,0.032503,0.045977,0.041667,0.078827,0.168199,0.144075,0.077519,0.037375,0.031456,0.033507,0.052632,0.027548,0.084295,0.074468,0.147510,0.080346,0.035218,0.052372,0.043186,0.041848,0.028681,0.083516,0.033595,0.026549,0.053026,0.083040,0.040921,0.060529,0.092144,0.038658,0.028863,0.046207,0.022624,0.039910,0.029441,0.036565,0.027174,0.027752,0.024194,0.069930,0.097934,0.024496,0.031480,0.028995,0.050366,0.044362,0.040595,0.084402,0.040112,0.028902,0.034657,0.034557,0.023041,0.029394,0.121636,0.059086,0.038267,0.111807,0.023310,0.065943,0.039683,0.050733,0.055790,0.043186,0.047198,0.060571,0.042816,0.080607,0.048649,0.046829,0.029142,0.049636,0.046065,0.041951,0.078829,0.035294,0.082482,357.277354,318.170828,0.021892,0.029820,0.043657,0.032301,0.032051,0.100817,0.041322,0.091935,0.041445,0.065717,0.031480,0.025452,0.000000,0.026714,0.036675,0.032895,0.083097,0.046218,0.031414,0.057640
0.018719,0.064016,0.051282,0.058069,0.046450,0.062046,0.064975,0.042985,0.026914,0.071144,0.048886,0.041387,0.058432,0.089777,0.062672,0.026898,0.030976,0.072028,0.055283,0.049533,0.072159,0.065163,0.122386,0.054882,0.041718,0.023089,0.036561,0.031505,0.028807,0.111222,0.039841,0.039841,0.073065,0.048593,0.028037,0.054882,0.045550,0.049686,0.058640,0.025568,0.101339,0.027027,0.065789,0.089792,0.066103,0.046262,0.029278,0.045477,0.041169,0.041417,0.030553,0.049342,0.042874,0.051788,0.031996,0.022808,0.033404,0.042851,0.019828,0.145172,0.045708,0.032315,0.091929,0.035771,0.022388,0.020394,0.033390,0.122386,0.061212,0.186429,0.033028,0.107639,0.090789,0.065258,0.026672,0.021480,0.042435,0.052206,0.053758,0.030683,0.058697,0.045918,0.028015,0.019213,0.092300,0.051724,0.021739,0.025000,0.062315,0.032898,0.059211,0.045246,0.035404,0.029278,0.019133,0.026714,0.000000,0.062949,0.064171,0.058430,0.034505,0.034438,0.125224
0.085003,0.143054,0.085079,0.062155,0.101333,0.064319,0.108265,0.068627,0.063388,0.159000,0.086147,0.046557,36.980737,0.224786,352.080038,0.042576,0.039832,0.104012,0.039036,0.130503,3.015453,0.053635,0.318757,0.471253,0.049255,0.069631,0.048611,0.094044,0.059441,0.242788,0.048000,0.048000,0.079254,0.055092,0.032215,0.046201,0.041631,0.051948,0.062648,0.059821,0.756575,0.033040,0.044986,0.043088,0.089065,0.225361,0.751282,0.025954,0.113166,0.269527,0.040613,0.039318,0.047831,0.120231,0.052805,0.315789,48.061116,0.046575,0.089947,0.186464,0.163366,0.086772,0.137343,0.103047,0.030875,0.042017,0.072277,0.318757,0.139810,1.336182,0.125285,0.787701,0.176862,0.126761,0.038095,0.022422,0.281933,0.122066,0.050043,0.057607,0.049091,0.038599,0.022239,0.051546,0.023641,0.066282,0.093679,0.078637,0.121767,0.037133,0.044986,0.055990,0.091892,0.751282,0.048903,0.036675,0.062949,0.000000,0.040595,0.033860,0.057766,0.057545,0.135870
0.069069,0.169903,0.151448,0.073350,0.149425,0.054490,0.069853,0.099502,0.173333,0.100730,0.101103,0.125698,0.128555,0.077193,0.040161,0.088186,0.075117,0.167598,0.080935,0.121495,0.109983,0.152672,0.106498,0.045524,0.177419,0.034208,0.508642,0.070093,0.026906,0.051447,0.124088,0.124088,0.267035,0.050963,0.054468,0.072838,0.035800,0.125000,0.084746,0.065407,0.051370,0.101180,0.070479,0.067584,0.076923,0.054114,0.286022,0.030151,0.178808,0.101010,0.045455,0.078125,0.148973,0.134545,0.050167,0.150943,0.036855,0.094323,0.199546,0.073350,0.053512,0.111111,0.037547,0.056180,0.067164,0.195489,0.043165,0.068592,0.119093,0.046512,0.076377,0.081522,0.098398,0.137803,0.057143,0.058651,0.108303,0.098696,0.118483,0.096685,0.048408,0.027675,0.029014,0.037155,0.064990,0.141873,0.073146,0.120536,0.120718,0.035587,0.039894,0.183223,0.070588,0.286022,0.058594,0.032895,0.064171,0.040595,0.000000,0.068301,0.038793,0.083512,0.122314
0.066261,0.053667,0.125839,0.111511,0.092784,0.061511,0.078148,0.193333,0.070950,0.158654,0.054993,0.107764,0.061404,0.084830,0.033557,0.040107,0.038168,0.087129,0.210526,0.115385,0.040650,0.093890,0.085592,0.140199,0.042553,0.091797,0.086957,0.081115,0.066561,0.049074,0.036058,0.036058,0.065217,0.066019,0.082451,0.148883,0.196954,0.045593,0.110619,0.081437,0.055513,0.040541,0.229143,0.083510,0.055901,0.065508,0.078431,0.055166,0.090546,0.091768,0.059807,0.198319,0.061560,0.134864,0.107280,0.076336,0.055151,0.048762,0.302721,0.095324,0.175287,0.061776,0.031712,0.113924,0.130120,0.054945,0.122328,0.085592,0.088757,0.056180,0.063380,0.058252,0.066781,0.070175,0.093254,0.038462,0.097004,0.214912,0.102926,0.076621,0.032189,0.047116,0.038103,0.028037,0.039055,0.072165,0.039301,0.115966,0.275000,0.048485,0.075640,0.050000,0.078671,0.078431,0.031535,0.083097,0.058430,0.033860,0.068301,0.000000,0.086743,0.086319,0.059840
0.031341,0.066372,0.171779,0.100223,0.111579,0.051406,0.075342,0.066874,0.046875,0.126897,0.051370,0.091270,0.048966,0.033520,0.057179,0.046802,0.114875,0.075377,0.092282,0.174515,0.091918,0.053191,0.149832,0.078684,0.090301,0.070883,0.067416,0.065982,0.045887,0.060637,0.160000,0.160000,0.128645,0.032503,0.060905,0.055794,0.048975,0.060227,0.068301,0.052198,0.037252,0.083728,0.131313,0.057211,0.034924,0.094312,0.116832,0.028986,0.127329,0.077287,0.072816,0.153689,0.133013,0.200000,0.114194,0.031881,0.088993,0.025316,0.103950,0.211581,0.096051,0.100000,0.108462,0.105826,0.064935,0.086560,0.040816,0.149832,0.200351,0.088993,0.074627,0.132353,0.073375,0.176776,0.032028,0.065851,0.082492,0.204506,0.059955,0.044776,0.109091,0.048043,0.046555,0.041389,0.107646,0.084856,0.070328,0.131148,0.113323,0.050963,0.161616,0.202840,50.662366,0.116832,0.022727,0.046218,0.034505,0.057766,0.038793,0.086743,0.000000,146.568047,0.074419
0.031273,0.065934,0.050813,0.119469,0.110879,0.058027,0.074957,0.173375,0.069984,0.079670,0.051107,0.090909,0.048807,0.081292,0.056962,0.038820,0.095308,0.074813,0.105175,0.173077,0.091483,0.067019,0.105528,0.136752,0.089850,0.032609,0.156250,0.043796,0.045769,0.064549,0.072802,0.072802,0.127986,0.032397,0.031199,0.089744,0.034052,0.107588,0.102787,0.041040,0.037159,0.083333,0.066667,0.111639,0.104408,0.032328,0.116142,0.065511,0.091190,0.193093,0.072604,0.152749,0.132376,0.187184,0.041489,0.031780,0.067678,0.025253,0.070248,0.210177,0.232979,0.190193,0.099762,0.035545,0.064309,0.085973,0.040650,0.097152,0.075175,0.088372,0.112211,0.131387,0.110417,0.175862,0.063210,0.065666,0.206030,0.074138,0.130778,0.074074,0.051932,0.026619,0.046425,0.057333,0.030090,0.044213,0.041306,0.130346,0.112805,0.050790,0.066667,0.088710,45.611111,0.116142,0.036281,0.031414,0.034438,0.057545,0.083512,0.086319,146.568047,0.000000,0.074074
0.028420,0.064081,0.047619,0.101695,0.113636,0.038396,0.041379,0.038265,0.074264,0.088915,0.089655,0.070234,0.249057,0.028958,0.134698,0.180307,0.113415,0.064935,0.058345,0.109562,0.193005,0.148936,0.040816,0.169048,0.059540,0.035917,0.081911,0.087485,0.066358,0.180431,0.109700,0.120092,0.087017,0.106203,0.089971,0.147619,0.056919,0.042116,0.140449,0.060990,0.174944,0.038760,0.051447,0.054082,0.078000,0.041176,0.046440,0.032313,0.061146,0.129032,0.025619,0.117647,0.180392,0.061560,0.046382,0.055453,0.165829,0.032428,0.249196,0.091525,0.089054,0.036991,0.030612,0.108961,0.040089,0.117241,0.071918,0.073469,0.063380,0.221831,0.123656,0.081967,0.142395,0.059889,0.072445,0.068937,0.136054,0.132312,0.083902,0.071823,0.072464,0.109881,0.043621,0.030988,0.090749,0.101433,0.038168,0.100159,0.066751,0.070312,0.032154,0.089905,0.049505,0.046440,0.050650,0.057640,0.125224,0.135870,0.122314,0.059840,0.074419,0.074074,0.000000
